{"type":"FeatureCollection","features":[{"type":"Feature","id":"way/33050409","properties":{"highway":"unclassified","lanes":"2","lit":"yes","maxspeed":"20","sidewalk":"no","surface":"asphalt","id":"way/33050409"},"geometry":{"type":"LineString","coordinates":[[139.7639664,35.7111489],[139.7639799,35.7114148],[139.7639861,35.7116022],[139.7640133,35.7123052],[139.7640176,35.7124223],[139.7640239,35.7126612]]}},{"type":"Feature","id":"way/33050411","properties":{"architect":"本多静六","architect:wikidata":"Q11520098","bicycle":"yes","highway":"pedestrian","lit":"yes","name":"銀杏並木","name:fr":"Allée de ginkgos","source":"Bing 2010","start_date":"1906","surface":"paving_stones","wikipedia":"ja:本多静六","id":"way/33050411"},"geometry":{"type":"LineString","coordinates":[[139.7594355,35.7128991],[139.7595234,35.7129154],[139.7596604,35.7129409],[139.7598207,35.7129707],[139.7603986,35.7130782],[139.7609415,35.7131791]]}},{"type":"Feature","id":"way/33050412","properties":{"bicycle":"yes","highway":"pedestrian","surface":"paving_stones","id":"way/33050412"},"geometry":{"type":"LineString","coordinates":[[139.7620376,35.7132917],[139.7619886,35.713283],[139.7618958,35.7132666],[139.7617944,35.7132486],[139.7617528,35.7132494],[139.7617152,35.7132626],[139.7616863,35.713286],[139.76167,35.7133145],[139.7616685,35.7133472],[139.7616832,35.7133811],[139.7617128,35.7134071],[139.7617496,35.713421],[139.7618509,35.7134384],[139.7619433,35.7134543],[139.7619913,35.7134625]]}},{"type":"Feature","id":"way/33050413","properties":{"bicycle":"yes","highway":"pedestrian","incline":"up","surface":"sett","id":"way/33050413"},"geometry":{"type":"LineString","coordinates":[[139.7618685,35.7138839],[139.7618877,35.7138062],[139.7618922,35.7137879],[139.7619204,35.7136657],[139.7619263,35.7136403],[139.7619488,35.7136194],[139.7619582,35.7135845],[139.7619913,35.7134625]]}},{"type":"Feature","id":"way/33549502","properties":{"access":"permit","highway":"service","lit":"yes","oneway":"yes","surface":"asphalt","id":"way/33549502"},"geometry":{"type":"LineString","coordinates":[[139.7637787,35.7105175],[139.7637358,35.7104903],[139.7636962,35.7104892],[139.7633254,35.7104718],[139.7632121,35.7104448],[139.7630477,35.7104336],[139.7629984,35.7104302],[139.7629468,35.7104267],[139.7628912,35.7104229],[139.7624793,35.710395],[139.7623641,35.7103872],[139.7621391,35.7103471],[139.7617371,35.7102755]]}},{"type":"Feature","id":"way/33549503","properties":{"highway":"service","oneway":"yes","id":"way/33549503"},"geometry":{"type":"LineString","coordinates":[[139.7623641,35.7103872],[139.7626317,35.7093544]]}},{"type":"Feature","id":"way/33549504","properties":{"highway":"service","surface":"asphalt","id":"way/33549504"},"geometry":{"type":"LineString","coordinates":[[139.7626317,35.7093544],[139.7629413,35.7094062],[139.7636032,35.7095298],[139.7638005,35.7095666],[139.7638943,35.7095841]]}},{"type":"Feature","id":"way/33549505","properties":{"highway":"service","lit":"yes","surface":"asphalt","id":"way/33549505"},"geometry":{"type":"LineString","coordinates":[[139.7620475,35.7092543],[139.7621924,35.7087836],[139.7623554,35.7087061],[139.7626809,35.7087733],[139.7630878,35.7088573],[139.7635966,35.7089456],[139.7636771,35.7089279],[139.7637401,35.7089141]]}},{"type":"Feature","id":"way/33549506","properties":{"highway":"service","lit":"yes","surface":"asphalt","id":"way/33549506"},"geometry":{"type":"LineString","coordinates":[[139.7629413,35.7094062],[139.7630878,35.7088573]]}},{"type":"Feature","id":"way/134459693","properties":{"highway":"service","id":"way/134459693"},"geometry":{"type":"LineString","coordinates":[[139.7629306,35.710522],[139.7629246,35.7105689],[139.7628916,35.7108269],[139.7628762,35.7109477],[139.7628994,35.7110265],[139.7628672,35.7113255],[139.762961,35.7114052],[139.7629756,35.7114585],[139.7629873,35.7118264],[139.7629928,35.7119342],[139.762995,35.7119762],[139.7629982,35.7120382],[139.7629987,35.7120484],[139.7630008,35.7121018],[139.7630103,35.7123459],[139.7629104,35.7123589],[139.7628832,35.7124081],[139.7628519,35.712529],[139.7627862,35.7126123],[139.7627542,35.7128096]]}},{"type":"Feature","id":"way/134459694","properties":{"highway":"service","lit":"yes","oneway":"yes","surface":"asphalt","id":"way/134459694"},"geometry":{"type":"LineString","coordinates":[[139.7616851,35.7104713],[139.7620244,35.7104849],[139.762099,35.7104879],[139.7624695,35.7105031],[139.7628402,35.7105183],[139.7628808,35.71052],[139.7629306,35.710522],[139.7629909,35.7105245],[139.7631787,35.7105322],[139.7633609,35.7105218],[139.7636941,35.7105399],[139.7637317,35.710542],[139.7637787,35.7105175]]}},{"type":"Feature","id":"way/134459696","properties":{"check_date:surface":"2023-01-04","highway":"path","lit":"yes","source":"survey","surface":"paving_stones","id":"way/134459696"},"geometry":{"type":"LineString","coordinates":[[139.7618045,35.7109747],[139.7618448,35.7109661],[139.7618961,35.7109378],[139.7619322,35.7109045],[139.7619754,35.7108627],[139.7619519,35.7108157],[139.7619354,35.710774],[139.7619037,35.7107386],[139.7618599,35.7107129],[139.7618031,35.7106989],[139.7617528,35.7107001],[139.7617035,35.7107141],[139.7616604,35.7107404],[139.7616295,35.7107763],[139.7615976,35.7108013],[139.7616162,35.7108659],[139.7616328,35.7108983],[139.7616638,35.7109346],[139.7617073,35.7109602],[139.7617618,35.7109741],[139.7618045,35.7109747]]}},{"type":"Feature","id":"way/134459697","properties":{"bicycle":"yes","highway":"pedestrian","lit":"yes","name":"正赤通り","name:en":"Seiseki Street","source":"Bing","surface":"asphalt","id":"way/134459697"},"geometry":{"type":"LineString","coordinates":[[139.7598207,35.7129707],[139.7597745,35.7131398]]}},{"type":"Feature","id":"way/134459698","properties":{"highway":"service","lit":"yes","name":"合格通り","name:en":"Gokaku Street","source":"survey","surface":"asphalt","id":"way/134459698"},"geometry":{"type":"LineString","coordinates":[[139.7617371,35.7102755],[139.7616851,35.7104713],[139.7615976,35.7108013],[139.7615747,35.7108884]]}},{"type":"Feature","id":"way/134459699","properties":{"highway":"service","surface":"paving_stones","id":"way/134459699"},"geometry":{"type":"LineString","coordinates":[[139.7602784,35.7138194],[139.7602474,35.7137976],[139.7602065,35.713784],[139.760166,35.7137827],[139.7601241,35.7137925],[139.7600843,35.7138159],[139.7600639,35.7138422],[139.7600525,35.7138764],[139.760056,35.7139118],[139.7600738,35.7139441],[139.7601407,35.7140001],[139.7602235,35.7139838],[139.7602591,35.7139678],[139.7602867,35.7139435],[139.7603036,35.7139134],[139.7603079,35.7138805],[139.7602993,35.7138481],[139.7602784,35.7138194]]}},{"type":"Feature","id":"way/134668768","properties":{"highway":"service","incline":"up","lit":"yes","name":"安講北通り","name:en":"Yasuko North Street","oneway":"yes","source":"Bing","id":"way/134668768"},"geometry":{"type":"LineString","coordinates":[[139.7626145,35.7140198],[139.7622771,35.7139583],[139.7618685,35.7138839],[139.7617411,35.7138607],[139.7615576,35.7138273],[139.7614899,35.713815],[139.7612297,35.7137676],[139.7608,35.7136893]]}},{"type":"Feature","id":"way/134668770","properties":{"bicycle":"yes","highway":"service","source":"Bing","id":"way/134668770"},"geometry":{"type":"LineString","coordinates":[[139.7620207,35.713658],[139.7620917,35.7136923],[139.7622295,35.713717],[139.762355,35.7137089],[139.7624299,35.7136828],[139.7625246,35.7136175],[139.7625798,35.713563],[139.7626059,35.7134985],[139.7626191,35.7134291],[139.7626113,35.7133418],[139.7625596,35.7132576],[139.7624963,35.7131903],[139.7623861,35.7131452],[139.7621889,35.7131073]]}},{"type":"Feature","id":"way/134668773","properties":{"highway":"service","surface":"paving_stones","id":"way/134668773"},"geometry":{"type":"LineString","coordinates":[[139.7639568,35.7134955],[139.7638829,35.7134912],[139.7638509,35.7134894],[139.7636008,35.7134751],[139.7635018,35.7134694],[139.7632364,35.7134542],[139.763215,35.7134512],[139.763111,35.7134368],[139.7628414,35.7133993],[139.7627547,35.7133872]]}},{"type":"Feature","id":"way/134668774","properties":{"bicycle":"yes","highway":"footway","lit":"yes","source":"Bing","surface":"paving_stones","id":"way/134668774"},"geometry":{"type":"LineString","coordinates":[[139.7625596,35.7132576],[139.7627508,35.7131537]]}},{"type":"Feature","id":"way/134668776","properties":{"bicycle":"yes","highway":"footway","lit":"yes","source":"Bing","surface":"paving_stones","id":"way/134668776"},"geometry":{"type":"LineString","coordinates":[[139.7626059,35.7134985],[139.7627473,35.7135032]]}},{"type":"Feature","id":"way/134668778","properties":{"bicycle":"yes","highway":"service","source":"Bing","id":"way/134668778"},"geometry":{"type":"LineString","coordinates":[[139.7624963,35.7131903],[139.7626615,35.7128972],[139.76273,35.7128317],[139.7627542,35.7128096]]}},{"type":"Feature","id":"way/134668779","properties":{"highway":"service","maxspeed":"15","id":"way/134668779"},"geometry":{"type":"LineString","coordinates":[[139.764159,35.7131938],[139.7641973,35.7131932],[139.764258,35.7131817],[139.7643005,35.7131806],[139.764348,35.7131793],[139.7649771,35.7131596],[139.7650067,35.7131587],[139.7666514,35.7131071]]}},{"type":"Feature","id":"way/134668781","properties":{"highway":"service","source":"Bing","id":"way/134668781"},"geometry":{"type":"LineString","coordinates":[[139.7627542,35.7128096],[139.7627508,35.7131537],[139.7627547,35.7133872],[139.7627473,35.7135032],[139.7627471,35.7135242],[139.7627125,35.7136535],[139.7626393,35.7139272],[139.7626145,35.7140198]]}},{"type":"Feature","id":"way/134668783","properties":{"highway":"unclassified","lanes":"1","lit":"yes","maxspeed":"20","oneway":"yes","sidewalk":"left","source":"Bing","surface":"asphalt","id":"way/134668783"},"geometry":{"type":"LineString","coordinates":[[139.7641097,35.7135577],[139.7641255,35.7135336],[139.7641323,35.7135069],[139.7641286,35.713486],[139.7641091,35.7134482],[139.7640448,35.7133421],[139.7640299,35.713378],[139.7639991,35.7134256],[139.7639697,35.7134638],[139.7639568,35.7134955],[139.7639544,35.7135184],[139.7639628,35.7135457],[139.7639838,35.7135674],[139.7640126,35.7135815],[139.7640462,35.7135844],[139.7640808,35.7135776],[139.7641097,35.7135577]]}},{"type":"Feature","id":"way/134668785","properties":{"highway":"service","source":"Bing","surface":"paving_stones","id":"way/134668785"},"geometry":{"type":"LineString","coordinates":[[139.7602065,35.713784],[139.7602298,35.7136995],[139.760248,35.7136332],[139.7602597,35.7135908],[139.7602828,35.7135068]]}},{"type":"Feature","id":"way/134676902","properties":{"highway":"path","source":"Bing","surface":"paving_stones","id":"way/134676902"},"geometry":{"type":"LineString","coordinates":[[139.7600843,35.7138159],[139.7599615,35.7135365]]}},{"type":"Feature","id":"way/134676907","properties":{"highway":"path","source":"Bing","surface":"paving_stones","id":"way/134676907"},"geometry":{"type":"LineString","coordinates":[[139.7602298,35.7136995],[139.7603965,35.7138213],[139.7605822,35.7139543],[139.7606686,35.7139771]]}},{"type":"Feature","id":"way/134676912","properties":{"check_date:surface":"2023-01-04","highway":"path","source":"Bing","surface":"paving_stones","id":"way/134676912"},"geometry":{"type":"LineString","coordinates":[[139.7602993,35.7138481],[139.7603965,35.7138213],[139.7606856,35.7137449],[139.7608,35.7136893]]}},{"type":"Feature","id":"way/137625381","properties":{"bridge":"yes","highway":"footway","layer":"1","source":"Bing","id":"way/137625381"},"geometry":{"type":"LineString","coordinates":[[139.7658663,35.7121246],[139.7658814,35.7125465],[139.7658874,35.7127173]]}},{"type":"Feature","id":"way/137625382","properties":{"bridge":"yes","highway":"footway","layer":"1","source":"Bing","id":"way/137625382"},"geometry":{"type":"LineString","coordinates":[[139.7648996,35.7121463],[139.7649129,35.7124728]]}},{"type":"Feature","id":"way/141597710","properties":{"highway":"service","maxspeed":"15","id":"way/141597710"},"geometry":{"type":"LineString","coordinates":[[139.7666514,35.7131071],[139.7666605,35.7127065],[139.7666524,35.7122531],[139.7667858,35.7121715],[139.7667799,35.7119602],[139.7668001,35.7119221],[139.7667983,35.711854],[139.766788,35.7114616],[139.7668012,35.711425],[139.7667891,35.7109084],[139.7666906,35.7108371]]}},{"type":"Feature","id":"way/141597713","properties":{"highway":"service","maxspeed":"15","id":"way/141597713"},"geometry":{"type":"LineString","coordinates":[[139.7666514,35.7131071],[139.7670176,35.7130344],[139.7674085,35.7128924],[139.7675085,35.7128245],[139.767552,35.7127674],[139.7675966,35.7127161],[139.7676432,35.7126532],[139.7676497,35.7125985],[139.7676582,35.7125553],[139.7676726,35.7124484],[139.7676631,35.7123497],[139.7676312,35.7122657],[139.7675774,35.7121608],[139.7675351,35.712129],[139.7674731,35.7121189],[139.7673362,35.7121392],[139.7671968,35.7121697],[139.7667858,35.7121715]]}},{"type":"Feature","id":"way/142583752","properties":{"handrail":"no","highway":"steps","incline":"up","surface":"compacted","id":"way/142583752"},"geometry":{"type":"LineString","coordinates":[[139.7624255,35.7116922],[139.7625036,35.7116324],[139.7625705,35.711481],[139.7626174,35.7113356]]}},{"type":"Feature","id":"way/142583755","properties":{"highway":"steps","incline":"up","surface":"cobblestone","id":"way/142583755"},"geometry":{"type":"LineString","coordinates":[[139.7625315,35.7126291],[139.7626702,35.7127415],[139.7627542,35.7128096]]}},{"type":"Feature","id":"way/142583759","properties":{"highway":"footway","lit":"yes","surface":"concrete","id":"way/142583759"},"geometry":{"type":"LineString","coordinates":[[139.7625315,35.7126291],[139.7624014,35.7125666],[139.7622907,35.7125411],[139.7621517,35.7125092]]}},{"type":"Feature","id":"way/142583762","properties":{"highway":"service","id":"way/142583762"},"geometry":{"type":"LineString","coordinates":[[139.7626174,35.7113356],[139.7626996,35.7114261],[139.7627566,35.7117732]]}},{"type":"Feature","id":"way/142583765","properties":{"foot":"yes","highway":"path","motor_vehicle":"no","surface":"asphalt","id":"way/142583765"},"geometry":{"type":"LineString","coordinates":[[139.7626174,35.7113356],[139.7627491,35.7113303],[139.7628672,35.7113255]]}},{"type":"Feature","id":"way/169064571","properties":{"bridge":"yes","bridge:loc_name":"ドーバー海峡・連絡橋","handrail":"yes","highway":"steps","incline":"down","layer":"1","lit":"yes","ramp":"no","source":"Bing","id":"way/169064571"},"geometry":{"type":"LineString","coordinates":[[139.7604921,35.7153245],[139.7603832,35.7152974]]}},{"type":"Feature","id":"way/169064572","properties":{"bridge":"yes","bridge:loc_name":"ドーバー海峡・連絡橋","bridge:loc_name:en":"Straits of Dover Footbridge","handrail":"yes","highway":"steps","incline":"up","layer":"1","lit":"yes","ramp":"no","source":"Bing","id":"way/169064572"},"geometry":{"type":"LineString","coordinates":[[139.760381,35.7154361],[139.7604653,35.7154429]]}},{"type":"Feature","id":"way/169065213","properties":{"highway":"service","lit":"yes","oneway":"yes","source":"Bing","surface":"asphalt","id":"way/169065213"},"geometry":{"type":"LineString","coordinates":[[139.760517,35.7145643],[139.7605377,35.7144898],[139.7605895,35.7144504]]}},{"type":"Feature","id":"way/169065214","properties":{"highway":"service","oneway":"yes","source":"Bing","id":"way/169065214"},"geometry":{"type":"LineString","coordinates":[[139.7596149,35.7139029],[139.7594401,35.7145674],[139.7594639,35.7146063]]}},{"type":"Feature","id":"way/169065216","properties":{"highway":"service","lit":"yes","oneway":"yes","source":"Bing","surface":"asphalt","id":"way/169065216"},"geometry":{"type":"LineString","coordinates":[[139.7594639,35.7146063],[139.760445,35.7147868]]}},{"type":"Feature","id":"way/169065217","properties":{"highway":"service","lit":"yes","source":"Bing","id":"way/169065217"},"geometry":{"type":"LineString","coordinates":[[139.7611039,35.7153946],[139.7606388,35.7153084],[139.7603129,35.7152458],[139.7602124,35.7152507],[139.7594546,35.7151048],[139.7594935,35.7149722],[139.759369,35.7149456],[139.7594012,35.7148322]]}},{"type":"Feature","id":"way/169065347","properties":{"highway":"footway","lit":"yes","source":"Bing","surface":"asphalt","id":"way/169065347"},"geometry":{"type":"LineString","coordinates":[[139.7603129,35.7152458],[139.7603832,35.7152974]]}},{"type":"Feature","id":"way/190730288","properties":{"bicycle":"yes","emergency":"designated","foot":"designated","highway":"service","lit":"yes","maxspeed":"15","motor_vehicle":"no","sidewalk":"no","surface":"asphalt","id":"way/190730288"},"geometry":{"type":"LineString","coordinates":[[139.7652521,35.7104272],[139.7652456,35.7104749],[139.7652459,35.7104861],[139.7652462,35.710499],[139.7652479,35.7105548]]}},{"type":"Feature","id":"way/224473615","properties":{"highway":"service","lit":"yes","oneway":"yes","surface":"paving_stones","id":"way/224473615"},"geometry":{"type":"LineString","coordinates":[[139.7615083,35.7111295],[139.7616017,35.7111459],[139.7619326,35.7112135],[139.7619366,35.7111775],[139.7619754,35.7108627],[139.7620244,35.7104849]]}},{"type":"Feature","id":"way/240754421","properties":{"highway":"service","lit":"yes","name":"赤門通り","name:en":"Akamon Street","id":"way/240754421"},"geometry":{"type":"LineString","coordinates":[[139.7604675,35.7106032],[139.7605659,35.7106203],[139.7605767,35.7106222],[139.7614666,35.7107773],[139.7615976,35.7108013]]}},{"type":"Feature","id":"way/240756539","properties":{"bicycle":"yes","highway":"pedestrian","lit":"yes","name":"合格通り","surface":"paving_stones","id":"way/240756539"},"geometry":{"type":"LineString","coordinates":[[139.7611659,35.7123703],[139.7611785,35.712325]]}},{"type":"Feature","id":"way/240756577","properties":{"covered":"colonnade","highway":"footway","lit":"yes","surface":"concrete","id":"way/240756577"},"geometry":{"type":"LineString","coordinates":[[139.7610793,35.712307],[139.7611156,35.7121765]]}},{"type":"Feature","id":"way/240756749","properties":{"covered":"colonnade","highway":"footway","source":"survey","surface":"paved","id":"way/240756749"},"geometry":{"type":"LineString","coordinates":[[139.7602227,35.7121997],[139.7602087,35.7121728],[139.7602427,35.712044],[139.7602053,35.7119976],[139.7601323,35.711985],[139.7600899,35.7119775]]}},{"type":"Feature","id":"way/240756982","properties":{"highway":"footway","lit":"yes","source":"survey","surface":"concrete","id":"way/240756982"},"geometry":{"type":"LineString","coordinates":[[139.7612326,35.7121306],[139.7611334,35.7121125],[139.7609225,35.712074]]}},{"type":"Feature","id":"way/240756987","properties":{"highway":"service","lit":"yes","maxspeed":"20","name":"正赤通り","name:en":"Seiseki Street","surface":"asphalt","id":"way/240756987"},"geometry":{"type":"LineString","coordinates":[[139.7609785,35.709094],[139.7609275,35.709278],[139.7609362,35.7093858],[139.7608762,35.7096418],[139.7607797,35.7098244],[139.7607576,35.7099045],[139.7607162,35.7100496],[139.7606883,35.7101475],[139.7606211,35.7102258],[139.7605691,35.7103141],[139.7605433,35.7104058],[139.7604881,35.7105282],[139.7604675,35.7106032],[139.7604436,35.7106902],[139.7604365,35.7107161],[139.7603296,35.711105],[139.7601182,35.7118739],[139.7601118,35.7118972],[139.7601041,35.7119252],[139.7600899,35.7119775],[139.7598743,35.712773]]}},{"type":"Feature","id":"way/286430496","properties":{"highway":"service","source":"Bing","surface":"paved","id":"way/286430496"},"geometry":{"type":"LineString","coordinates":[[139.7591192,35.7149016],[139.759369,35.7149456]]}},{"type":"Feature","id":"way/286430497","properties":{"access":"no","bicycle":"private","foot":"private","handrail":"yes","highway":"steps","horse":"no","motor_vehicle":"no","source":"Bing","id":"way/286430497"},"geometry":{"type":"LineString","coordinates":[[139.7591192,35.7149016],[139.7590503,35.7148897],[139.7590139,35.7148833]]}},{"type":"Feature","id":"way/286434286","properties":{"bicycle":"yes","highway":"pedestrian","lit":"yes","source":"knowledge","surface":"asphalt","id":"way/286434286"},"geometry":{"type":"LineString","coordinates":[[139.7609748,35.7130591],[139.7609415,35.7131791],[139.760907,35.7133038]]}},{"type":"Feature","id":"way/286434288","properties":{"highway":"service","lit":"yes","oneway":"yes","source":"Bing","surface":"asphalt","id":"way/286434288"},"geometry":{"type":"LineString","coordinates":[[139.7608,35.7136893],[139.7607303,35.7137445],[139.7606686,35.7139771],[139.7606532,35.7140334],[139.760635,35.7140915],[139.7606126,35.7141791],[139.7605541,35.7144072],[139.7605895,35.7144504]]}},{"type":"Feature","id":"way/286434289","properties":{"highway":"service","lit":"yes","oneway":"yes","source":"Bing","surface":"asphalt","id":"way/286434289"},"geometry":{"type":"LineString","coordinates":[[139.7605895,35.7144504],[139.7606797,35.71443],[139.7607821,35.7140548],[139.7608584,35.7137613],[139.7608,35.7136893]]}},{"type":"Feature","id":"way/286434694","properties":{"highway":"service","lit":"yes","source":"Bing","surface":"asphalt","id":"way/286434694"},"geometry":{"type":"LineString","coordinates":[[139.7606532,35.7140334],[139.7607821,35.7140548]]}},{"type":"Feature","id":"way/286434729","properties":{"highway":"service","oneway":"yes","source":"Bing","id":"way/286434729"},"geometry":{"type":"LineString","coordinates":[[139.7615576,35.7138273],[139.7613357,35.7145897]]}},{"type":"Feature","id":"way/286435163","properties":{"highway":"service","lit":"yes","oneway":"yes","source":"Bing","id":"way/286435163"},"geometry":{"type":"LineString","coordinates":[[139.762882,35.7148258],[139.7628756,35.7148044],[139.7628839,35.7147699],[139.7629242,35.7147271],[139.762945,35.7147003],[139.7629623,35.7146532],[139.7629628,35.7146209],[139.7629849,35.7145614],[139.7631099,35.71411]]}},{"type":"Feature","id":"way/286435164","properties":{"highway":"service","source":"knowledge","id":"way/286435164"},"geometry":{"type":"LineString","coordinates":[[139.7611819,35.7154206],[139.7611039,35.7153946],[139.7611582,35.7151745],[139.7612455,35.7148808]]}},{"type":"Feature","id":"way/286435269","properties":{"highway":"service","service":"parking_aisle","source":"Bing","id":"way/286435269"},"geometry":{"type":"LineString","coordinates":[[139.7606221,35.7150747],[139.7611582,35.7151745]]}},{"type":"Feature","id":"way/286435270","properties":{"highway":"footway","lit":"yes","source":"knowledge","surface":"concrete","id":"way/286435270"},"geometry":{"type":"LineString","coordinates":[[139.7603863,35.7149969],[139.7603129,35.7152458]]}},{"type":"Feature","id":"way/286436717","properties":{"handrail":"no","highway":"steps","lit":"no","source":"knowledge","id":"way/286436717"},"geometry":{"type":"LineString","coordinates":[[139.7615011,35.7125108],[139.7614241,35.7125554],[139.7613373,35.7125139],[139.7613032,35.7126012],[139.7613503,35.7126449],[139.7613315,35.7127169]]}},{"type":"Feature","id":"way/286436718","properties":{"bicycle":"yes","foot":"yes","highway":"path","incline":"up","motor_vehicle":"no","surface":"compacted","id":"way/286436718"},"geometry":{"type":"LineString","coordinates":[[139.7626174,35.7113356],[139.7623969,35.7113261],[139.762355,35.7113243],[139.7621489,35.7113181],[139.7620179,35.7113441],[139.7619005,35.7114328],[139.7618137,35.7116246],[139.7616826,35.7117406],[139.7616491,35.7117916],[139.7615611,35.7118499],[139.7614692,35.7119703],[139.761366,35.7119958]]}},{"type":"Feature","id":"way/286436719","properties":{"highway":"footway","lit":"no","surface":"compacted","id":"way/286436719"},"geometry":{"type":"LineString","coordinates":[[139.7616826,35.7117406],[139.7616209,35.7117037],[139.7614469,35.7117042]]}},{"type":"Feature","id":"way/286436720","properties":{"highway":"footway","id":"way/286436720"},"geometry":{"type":"LineString","coordinates":[[139.7616491,35.7117916],[139.761544,35.7121022],[139.7615311,35.7121528]]}},{"type":"Feature","id":"way/286436721","properties":{"highway":"footway","id":"way/286436721"},"geometry":{"type":"LineString","coordinates":[[139.7617195,35.7121849],[139.761544,35.7121022]]}},{"type":"Feature","id":"way/286436722","properties":{"handrail":"no","highway":"steps","incline":"up","lit":"no","id":"way/286436722"},"geometry":{"type":"LineString","coordinates":[[139.7615599,35.7123492],[139.7615853,35.7122069],[139.7615311,35.7121528]]}},{"type":"Feature","id":"way/286436723","properties":{"handrail":"no","highway":"steps","incline":"up","lit":"no","surface":"rocks","id":"way/286436723"},"geometry":{"type":"LineString","coordinates":[[139.7615311,35.7121528],[139.7614505,35.7121954],[139.7613247,35.7121447]]}},{"type":"Feature","id":"way/286436724","properties":{"crossing":"uncontrolled","crossing:markings":"zebra","footway":"crossing","highway":"footway","surface":"asphalt","id":"way/286436724"},"geometry":{"type":"LineString","coordinates":[[139.7640266,35.7114138],[139.7639799,35.7114148],[139.7639345,35.7114162],[139.763903,35.7114177]]}},{"type":"Feature","id":"way/286436725","properties":{"highway":"footway","lit":"yes","surface":"paving_stones","id":"way/286436725"},"geometry":{"type":"LineString","coordinates":[[139.7608637,35.7090764],[139.7609178,35.7090847],[139.7609785,35.709094]]}},{"type":"Feature","id":"way/286436726","properties":{"bicycle":"yes","highway":"footway","surface":"paving_stones","id":"way/286436726"},"geometry":{"type":"LineString","coordinates":[[139.7609857,35.7090683],[139.7615076,35.7091609]]}},{"type":"Feature","id":"way/286436727","properties":{"highway":"service","name":"正赤通り","name:en":"Seiseki Street","source":"Bing","id":"way/286436727"},"geometry":{"type":"LineString","coordinates":[[139.7609785,35.709094],[139.7609857,35.7090683],[139.7610669,35.7087435]]}},{"type":"Feature","id":"way/286436729","properties":{"highway":"pedestrian","source":"Bing","surface":"paving_stones","id":"way/286436729"},"geometry":{"type":"LineString","coordinates":[[139.7603024,35.709961],[139.7603584,35.7099713],[139.7605903,35.7100155]]}},{"type":"Feature","id":"way/286436732","properties":{"bicycle":"yes","highway":"pedestrian","lit":"yes","surface":"paving_stones","id":"way/286436732"},"geometry":{"type":"LineString","coordinates":[[139.760047,35.7105562],[139.7601346,35.7105713],[139.7601732,35.7105779],[139.7603071,35.7106009]]}},{"type":"Feature","id":"way/286436733","properties":{"foot":"private","highway":"footway","lit":"yes","source":"knowledge","surface":"asphalt","id":"way/286436733"},"geometry":{"type":"LineString","coordinates":[[139.7626809,35.7087733],[139.7627914,35.7078265],[139.7627846,35.7076845],[139.7627926,35.7076058]]}},{"type":"Feature","id":"way/286440301","properties":{"highway":"service","source":"Bing","id":"way/286440301"},"geometry":{"type":"LineString","coordinates":[[139.7668012,35.711425],[139.7674462,35.7115077],[139.7674731,35.7121189]]}},{"type":"Feature","id":"way/286441069","properties":{"highway":"service","id":"way/286441069"},"geometry":{"type":"LineString","coordinates":[[139.7644543,35.7115972],[139.7648528,35.7115824],[139.7649359,35.7115954],[139.7650036,35.7115931]]}},{"type":"Feature","id":"way/286441070","properties":{"highway":"service","maxspeed":"15","id":"way/286441070"},"geometry":{"type":"LineString","coordinates":[[139.7666524,35.7122531],[139.7659089,35.7122669],[139.7657996,35.712256],[139.7651786,35.7122695],[139.7650577,35.7122721],[139.7648715,35.712278],[139.7648045,35.7122894],[139.7644835,35.7122963]]}},{"type":"Feature","id":"way/286441071","properties":{"highway":"service","source":"Bing","id":"way/286441071"},"geometry":{"type":"LineString","coordinates":[[139.7676432,35.7126532],[139.7676964,35.7126838],[139.7677706,35.7127247]]}},{"type":"Feature","id":"way/286441975","properties":{"bicycle":"yes","highway":"footway","lit":"yes","source":"Bing","surface":"paving_stones","id":"way/286441975"},"geometry":{"type":"LineString","coordinates":[[139.7624299,35.7136828],[139.7626393,35.7139272]]}},{"type":"Feature","id":"way/368511315","properties":{"highway":"service","oneway":"yes","source":"Bing","surface":"paving_stones","id":"way/368511315"},"geometry":{"type":"LineString","coordinates":[[139.7596149,35.7139029],[139.7596873,35.7139163],[139.7601407,35.7140001],[139.760635,35.7140915]]}},{"type":"Feature","id":"way/368511316","properties":{"highway":"service","incline":"up","name":"三四郎坂","source":"Bing","id":"way/368511316"},"geometry":{"type":"LineString","coordinates":[[139.7627542,35.7128096],[139.7621507,35.7128368],[139.762015,35.7128419],[139.761755,35.7127943],[139.7613315,35.7127169],[139.7611756,35.7126884],[139.7611535,35.7126843],[139.7610824,35.7126713]]}},{"type":"Feature","id":"way/368516551","properties":{"bicycle":"yes","highway":"pedestrian","lit":"yes","surface":"paving_stones","tunnel":"building_passage","id":"way/368516551"},"geometry":{"type":"LineString","coordinates":[[139.7603071,35.7106009],[139.7603519,35.7106083],[139.7604012,35.7106057]]}},{"type":"Feature","id":"way/368516552","properties":{"bicycle":"yes","highway":"pedestrian","lit":"yes","surface":"asphalt","id":"way/368516552"},"geometry":{"type":"LineString","coordinates":[[139.7604012,35.7106057],[139.7604675,35.7106032]]}},{"type":"Feature","id":"way/457921686","properties":{"handrail":"no","highway":"steps","incline":"up","ramp":"no","surface":"paving_stones","id":"way/457921686"},"geometry":{"type":"LineString","coordinates":[[139.7638954,35.711418],[139.7638488,35.7114187]]}},{"type":"Feature","id":"way/457921690","properties":{"highway":"path","lit":"yes","surface":"concrete","id":"way/457921690"},"geometry":{"type":"LineString","coordinates":[[139.7637708,35.7114379],[139.7637534,35.7110704],[139.7636894,35.7110109],[139.7636906,35.7109927]]}},{"type":"Feature","id":"way/457921693","properties":{"handrail:right":"yes","highway":"steps","incline":"up","step_count":"18","surface":"concrete","id":"way/457921693"},"geometry":{"type":"LineString","coordinates":[[139.7621489,35.7113181],[139.762027,35.7112783]]}},{"type":"Feature","id":"way/457945088","properties":{"highway":"steps","incline":"up","surface":"concrete","id":"way/457945088"},"geometry":{"type":"LineString","coordinates":[[139.7621889,35.7131073],[139.7621589,35.713139],[139.7621456,35.7131812],[139.7621367,35.7131848],[139.762131,35.7131782],[139.7621458,35.7131286],[139.7621388,35.7131274],[139.7620813,35.7131182]]}},{"type":"Feature","id":"way/457945090","properties":{"highway":"steps","incline":"up","id":"way/457945090"},"geometry":{"type":"LineString","coordinates":[[139.7620207,35.713658],[139.762035,35.7136034],[139.7620281,35.7135961],[139.7620171,35.7136006],[139.7620037,35.7136507],[139.7619943,35.7136495],[139.7619263,35.7136403]]}},{"type":"Feature","id":"way/457999652","properties":{"highway":"pedestrian","id":"way/457999652"},"geometry":{"type":"LineString","coordinates":[[139.7602227,35.7121997],[139.7606167,35.7122709],[139.7610667,35.7123524],[139.7611659,35.7123703]]}},{"type":"Feature","id":"way/457999653","properties":{"highway":"footway","id":"way/457999653"},"geometry":{"type":"LineString","coordinates":[[139.7612326,35.7121306],[139.7613247,35.7121447]]}},{"type":"Feature","id":"way/458000031","properties":{"highway":"service","lit":"yes","name":"合格通り","name:en":"Gokaku Street","source":"survey","surface":"paving_stones","id":"way/458000031"},"geometry":{"type":"LineString","coordinates":[[139.7615747,35.7108884],[139.7615083,35.7111295],[139.7613521,35.7116972],[139.761249,35.7120717]]}},{"type":"Feature","id":"way/458001217","properties":{"handrail":"no","highway":"steps","incline":"up","lit":"no","id":"way/458001217"},"geometry":{"type":"LineString","coordinates":[[139.7621517,35.7125092],[139.7619806,35.7126051]]}},{"type":"Feature","id":"way/458001218","properties":{"highway":"path","lit":"no","surface":"ground","id":"way/458001218"},"geometry":{"type":"LineString","coordinates":[[139.7619806,35.7126051],[139.7618085,35.7125911],[139.7616031,35.7126188],[139.7613032,35.7126012]]}},{"type":"Feature","id":"way/458002053","properties":{"highway":"service","id":"way/458002053"},"geometry":{"type":"LineString","coordinates":[[139.7627542,35.7128096],[139.7626992,35.7123175]]}},{"type":"Feature","id":"way/458022881","properties":{"highway":"service","lit":"yes","source":"Bing","surface":"asphalt","id":"way/458022881"},"geometry":{"type":"LineString","coordinates":[[139.762882,35.7148258],[139.7628942,35.7148422],[139.7629107,35.7148636]]}},{"type":"Feature","id":"way/458022882","properties":{"highway":"service","lit":"yes","oneway":"yes","source":"Bing","id":"way/458022882"},"geometry":{"type":"LineString","coordinates":[[139.7620785,35.7147271],[139.7625494,35.714809],[139.7626073,35.7148248],[139.7626508,35.7148294],[139.7627688,35.7148102],[139.7628229,35.7148071],[139.7628598,35.7148131],[139.762882,35.7148258]]}},{"type":"Feature","id":"way/458022883","properties":{"highway":"service","lit":"yes","service":"parking_aisle","source":"Bing","surface":"asphalt","id":"way/458022883"},"geometry":{"type":"LineString","coordinates":[[139.760445,35.7147868],[139.7603863,35.7149969]]}},{"type":"Feature","id":"way/458022884","properties":{"highway":"service","source":"Bing","id":"way/458022884"},"geometry":{"type":"LineString","coordinates":[[139.7631099,35.71411],[139.7631745,35.7141219],[139.7636256,35.7142047],[139.7637514,35.714183],[139.7638413,35.7141204],[139.7638808,35.7140387],[139.7639229,35.713894],[139.7639657,35.7137465],[139.7640032,35.7136177],[139.7640051,35.713611],[139.7640126,35.7135815]]}},{"type":"Feature","id":"way/458022885","properties":{"highway":"service","source":"Bing","id":"way/458022885"},"geometry":{"type":"LineString","coordinates":[[139.7612919,35.7154413],[139.7616259,35.7155012],[139.7617828,35.7154511],[139.7618264,35.7154603],[139.7618721,35.7154416],[139.7620785,35.7147271]]}},{"type":"Feature","id":"way/458022886","properties":{"handrail":"yes","highway":"steps","incline":"up","surface":"concrete","id":"way/458022886"},"geometry":{"type":"LineString","coordinates":[[139.760591,35.714988],[139.7605695,35.7150664]]}},{"type":"Feature","id":"way/458022887","properties":{"highway":"footway","surface":"asphalt","id":"way/458022887"},"geometry":{"type":"LineString","coordinates":[[139.7605695,35.7150664],[139.7603863,35.7149969]]}},{"type":"Feature","id":"way/458022888","properties":{"highway":"footway","surface":"asphalt","id":"way/458022888"},"geometry":{"type":"LineString","coordinates":[[139.7606221,35.7150747],[139.7606219,35.714996],[139.760591,35.714988]]}},{"type":"Feature","id":"way/458022889","properties":{"handrail":"no","highway":"steps","incline":"up","surface":"concrete","id":"way/458022889"},"geometry":{"type":"LineString","coordinates":[[139.7612919,35.7154413],[139.7611819,35.7154206]]}},{"type":"Feature","id":"way/458022890","properties":{"highway":"service","lit":"yes","oneway":"yes","source":"Bing","id":"way/458022890"},"geometry":{"type":"LineString","coordinates":[[139.75968,35.713486],[139.7596499,35.7136549],[139.7595966,35.713863],[139.7596149,35.7139029]]}},{"type":"Feature","id":"way/458022891","properties":{"highway":"service","oneway":"yes","source":"Bing","id":"way/458022891"},"geometry":{"type":"LineString","coordinates":[[139.7594639,35.7146063],[139.7595067,35.7145814],[139.7595928,35.7142708],[139.7596632,35.7140066],[139.7596873,35.7139163]]}},{"type":"Feature","id":"way/458022892","properties":{"highway":"service","lit":"yes","oneway":"yes","id":"way/458022892"},"geometry":{"type":"LineString","coordinates":[[139.7625494,35.714809],[139.7626213,35.7147887],[139.7627616,35.7147642],[139.7628137,35.714745],[139.7628528,35.7147188],[139.7629233,35.7146499],[139.7629628,35.7146209]]}},{"type":"Feature","id":"way/458022893","properties":{"highway":"path","surface":"asphalt","id":"way/458022893"},"geometry":{"type":"LineString","coordinates":[[139.7620785,35.7147271],[139.7621222,35.7146246],[139.7621858,35.7143725],[139.7622214,35.7142368],[139.7622295,35.7141433],[139.7622771,35.7139583]]}},{"type":"Feature","id":"way/458075353","properties":{"highway":"footway","surface":"paving_stones","tunnel":"building_passage","id":"way/458075353"},"geometry":{"type":"LineString","coordinates":[[139.760556,35.7101356],[139.7605724,35.7101492],[139.7605869,35.7101721]]}},{"type":"Feature","id":"way/458075354","properties":{"highway":"footway","surface":"paving_stones","id":"way/458075354"},"geometry":{"type":"LineString","coordinates":[[139.7603584,35.7099713],[139.7606416,35.7098824],[139.7607576,35.7099045]]}},{"type":"Feature","id":"way/458080512","properties":{"check_date:surface":"2023-01-04","highway":"path","lit":"yes","surface":"paving_stones","id":"way/458080512"},"geometry":{"type":"LineString","coordinates":[[139.7616017,35.7111459],[139.7616079,35.7111242],[139.7616679,35.7110983],[139.7617116,35.7110643],[139.7617425,35.7110237],[139.7617618,35.7109741],[139.7617616,35.7110274],[139.7617734,35.7110717],[139.7618025,35.7111168],[139.7618416,35.7111537],[139.7619326,35.7112135]]}},{"type":"Feature","id":"way/458080513","properties":{"check_date:surface":"2023-01-04","highway":"path","lit":"yes","surface":"paving_stones","id":"way/458080513"},"geometry":{"type":"LineString","coordinates":[[139.7618031,35.7106989],[139.7618167,35.7106364],[139.7618068,35.7105888],[139.7617862,35.7105525],[139.76175,35.7105128],[139.7616851,35.7104713]]}},{"type":"Feature","id":"way/458080514","properties":{"check_date:surface":"2023-01-04","highway":"path","lit":"yes","surface":"paving_stones","id":"way/458080514"},"geometry":{"type":"LineString","coordinates":[[139.7618167,35.7106364],[139.7618488,35.7105942],[139.7618808,35.7105642],[139.7619239,35.7105426],[139.7619708,35.7105256],[139.7620244,35.7104849]]}},{"type":"Feature","id":"way/458532715","properties":{"bridge":"yes","highway":"footway","surface":"paving_stones","id":"way/458532715"},"geometry":{"type":"LineString","coordinates":[[139.7619643,35.7143571],[139.7622301,35.7144129]]}},{"type":"Feature","id":"way/458540996","properties":{"highway":"service","id":"way/458540996"},"geometry":{"type":"LineString","coordinates":[[139.767552,35.7127674],[139.7674721,35.712652],[139.7674652,35.7126127],[139.7674767,35.7125798],[139.767514,35.712555],[139.7675616,35.7125475],[139.7676582,35.7125553]]}},{"type":"Feature","id":"way/458652656","properties":{"highway":"steps","incline":"up","lit":"no","id":"way/458652656"},"geometry":{"type":"LineString","coordinates":[[139.7616695,35.7124546],[139.7618085,35.7125911]]}},{"type":"Feature","id":"way/458683679","properties":{"bicycle":"yes","highway":"pedestrian","name":"図書館通り","name:en":"Library Street","id":"way/458683679"},"geometry":{"type":"LineString","coordinates":[[139.7602828,35.7135068],[139.7603986,35.7130782],[139.7606167,35.7122709]]}},{"type":"Feature","id":"way/458728442","properties":{"highway":"footway","surface":"paving_stones","id":"way/458728442"},"geometry":{"type":"LineString","coordinates":[[139.7636906,35.7109927],[139.7636922,35.7109772],[139.763747,35.7109191],[139.7637529,35.7108765],[139.7637221,35.710675],[139.7637463,35.7106485],[139.7638615,35.7106441]]}},{"type":"Feature","id":"way/458745959","properties":{"highway":"footway","lit":"yes","surface":"concrete","id":"way/458745959"},"geometry":{"type":"LineString","coordinates":[[139.7614469,35.7117042],[139.7613521,35.7116972],[139.761261,35.7116831],[139.761217,35.7116904]]}},{"type":"Feature","id":"way/459125157","properties":{"highway":"path","surface":"dirt","id":"way/459125157"},"geometry":{"type":"LineString","coordinates":[[139.762027,35.7112783],[139.7619326,35.7112135]]}},{"type":"Feature","id":"way/459125158","properties":{"handrail":"no","highway":"steps","incline":"up","id":"way/459125158"},"geometry":{"type":"LineString","coordinates":[[139.7622063,35.711533],[139.7622238,35.7114419],[139.7623488,35.7113896],[139.7623902,35.711389]]}},{"type":"Feature","id":"way/459125159","properties":{"highway":"footway","lit":"yes","surface":"compacted","id":"way/459125159"},"geometry":{"type":"LineString","coordinates":[[139.7621126,35.7117893],[139.7621377,35.7117837]]}},{"type":"Feature","id":"way/459125160","properties":{"handrail":"no","highway":"steps","incline":"up","lit":"yes","surface":"rocks","id":"way/459125160"},"geometry":{"type":"LineString","coordinates":[[139.7621126,35.7117893],[139.7620569,35.7118317],[139.7620158,35.7118842]]}},{"type":"Feature","id":"way/459125161","properties":{"highway":"footway","lit":"yes","surface":"rocks","id":"way/459125161"},"geometry":{"type":"LineString","coordinates":[[139.7619588,35.7120022],[139.7619983,35.7119666],[139.762027,35.7119406]]}},{"type":"Feature","id":"way/459125162","properties":{"handrail":"no","highway":"steps","incline":"up","lit":"yes","surface":"rocks","id":"way/459125162"},"geometry":{"type":"LineString","coordinates":[[139.7619588,35.7120022],[139.7618819,35.7120276]]}},{"type":"Feature","id":"way/459125163","properties":{"handrail":"no","highway":"steps","incline":"up","lit":"yes","surface":"rocks","id":"way/459125163"},"geometry":{"type":"LineString","coordinates":[[139.762027,35.7119406],[139.7620158,35.7118842]]}},{"type":"Feature","id":"way/459125164","properties":{"fixme":"continue","highway":"steps","incline":"up","id":"way/459125164"},"geometry":{"type":"LineString","coordinates":[[139.7620158,35.7118842],[139.7619741,35.7118724]]}},{"type":"Feature","id":"way/459125165","properties":{"highway":"footway","id":"way/459125165"},"geometry":{"type":"LineString","coordinates":[[139.7622063,35.711533],[139.7621233,35.7115674],[139.7621126,35.7117893]]}},{"type":"Feature","id":"way/459125166","properties":{"handrail":"no","highway":"steps","incline":"up","lit":"yes","surface":"rocks","id":"way/459125166"},"geometry":{"type":"LineString","coordinates":[[139.7618616,35.7121066],[139.761879,35.712097],[139.7618819,35.7120276]]}},{"type":"Feature","id":"way/459125167","properties":{"fixme":"continue","highway":"steps","incline":"up","id":"way/459125167"},"geometry":{"type":"LineString","coordinates":[[139.7618819,35.7120276],[139.7618407,35.712015]]}},{"type":"Feature","id":"way/459621965","properties":{"highway":"path","surface":"asphalt","id":"way/459621965"},"geometry":{"type":"LineString","coordinates":[[139.7630878,35.7088573],[139.7631411,35.7087029],[139.7634243,35.7087049],[139.7635966,35.7089456]]}},{"type":"Feature","id":"way/459783644","properties":{"fixme":"continue","highway":"steps","incline":"up","id":"way/459783644"},"geometry":{"type":"LineString","coordinates":[[139.7625036,35.7116324],[139.7625556,35.7116262]]}},{"type":"Feature","id":"way/459783646","properties":{"highway":"steps","note":"下り","id":"way/459783646"},"geometry":{"type":"LineString","coordinates":[[139.7625705,35.711481],[139.7624804,35.7114106],[139.7623902,35.711389]]}},{"type":"Feature","id":"way/459783647","properties":{"highway":"path","id":"way/459783647"},"geometry":{"type":"LineString","coordinates":[[139.7623902,35.711389],[139.7623969,35.7113261]]}},{"type":"Feature","id":"way/459783648","properties":{"highway":"steps","incline":"up","note":"9段、コンクリート","step_count":"9","surface":"concrete","id":"way/459783648"},"geometry":{"type":"LineString","coordinates":[[139.7623902,35.711389],[139.7623365,35.7115626]]}},{"type":"Feature","id":"way/459783649","properties":{"highway":"footway","lit":"yes","surface":"paved","id":"way/459783649"},"geometry":{"type":"LineString","coordinates":[[139.7624255,35.7116922],[139.7624345,35.7118069],[139.7623946,35.7119408]]}},{"type":"Feature","id":"way/459783650","properties":{"handrail":"no","highway":"steps","incline":"up","lit":"yes","surface":"paved","id":"way/459783650"},"geometry":{"type":"LineString","coordinates":[[139.7623946,35.7119408],[139.76237,35.7121223],[139.7623928,35.7121722]]}},{"type":"Feature","id":"way/459783652","properties":{"highway":"footway","lit":"yes","surface":"rocks","id":"way/459783652"},"geometry":{"type":"LineString","coordinates":[[139.7621517,35.7125092],[139.7619215,35.7124041],[139.7616695,35.7124546],[139.7615011,35.7125108],[139.7615105,35.7123871],[139.7615599,35.7123492],[139.7616307,35.7122739],[139.7617195,35.7121849],[139.7618493,35.7121134],[139.7618616,35.7121066]]}},{"type":"Feature","id":"way/459783654","properties":{"handrail":"no","highway":"steps","incline":"up","lit":"yes","surface":"paved","id":"way/459783654"},"geometry":{"type":"LineString","coordinates":[[139.7624014,35.7125666],[139.7624056,35.7124957],[139.7623516,35.7123587],[139.7623784,35.7122833],[139.7623928,35.7121722]]}},{"type":"Feature","id":"way/459783655","properties":{"highway":"footway","id":"way/459783655"},"geometry":{"type":"LineString","coordinates":[[139.7623928,35.7121722],[139.7625301,35.7121447]]}},{"type":"Feature","id":"way/459783658","properties":{"highway":"footway","lit":"yes","surface":"compacted","id":"way/459783658"},"geometry":{"type":"LineString","coordinates":[[139.7622814,35.7117536],[139.7623292,35.7117477],[139.7624255,35.7116922]]}},{"type":"Feature","id":"way/459783659","properties":{"bridge":"yes","highway":"footway","lit":"yes","surface":"wood","id":"way/459783659"},"geometry":{"type":"LineString","coordinates":[[139.7621377,35.7117837],[139.7622814,35.7117536]]}},{"type":"Feature","id":"way/463106592","properties":{"highway":"service","service":"parking_aisle","id":"way/463106592"},"geometry":{"type":"LineString","coordinates":[[139.7650577,35.7122721],[139.7650875,35.7122388],[139.7650881,35.7121793]]}},{"type":"Feature","id":"way/464522325","properties":{"bicycle":"yes","highway":"service","source":"Bing","surface":"asphalt","id":"way/464522325"},"geometry":{"type":"LineString","coordinates":[[139.762355,35.7137089],[139.762317,35.7138739],[139.7622771,35.7139583]]}},{"type":"Feature","id":"way/464522327","properties":{"highway":"footway","surface":"paved","id":"way/464522327"},"geometry":{"type":"LineString","coordinates":[[139.7616047,35.7134094],[139.7616119,35.713419]]}},{"type":"Feature","id":"way/464522328","properties":{"highway":"footway","surface":"paved","id":"way/464522328"},"geometry":{"type":"LineString","coordinates":[[139.761657,35.7132134],[139.7616709,35.7132046]]}},{"type":"Feature","id":"way/464522329","properties":{"bicycle":"yes","highway":"footway","source":"Bing","surface":"paving_stones","id":"way/464522329"},"geometry":{"type":"LineString","coordinates":[[139.7626113,35.7133418],[139.7627046,35.7133559],[139.7627547,35.7133872]]}},{"type":"Feature","id":"way/464522330","properties":{"bicycle":"yes","highway":"footway","source":"Bing","surface":"asphalt","id":"way/464522330"},"geometry":{"type":"LineString","coordinates":[[139.7621889,35.7131073],[139.7622441,35.7129175],[139.7626615,35.7128972]]}},{"type":"Feature","id":"way/464522332","properties":{"highway":"footway","surface":"paved","id":"way/464522332"},"geometry":{"type":"LineString","coordinates":[[139.7620258,35.713569],[139.762033,35.7135758],[139.7620281,35.7135961]]}},{"type":"Feature","id":"way/464522333","properties":{"bicycle":"yes","highway":"footway","id":"way/464522333"},"geometry":{"type":"LineString","coordinates":[[139.7619795,35.7130855],[139.7619842,35.7129575],[139.7619956,35.712946]]}},{"type":"Feature","id":"way/464522334","properties":{"highway":"steps","incline":"up","id":"way/464522334"},"geometry":{"type":"LineString","coordinates":[[139.762015,35.7128419],[139.7620048,35.7129078],[139.7619956,35.712946]]}},{"type":"Feature","id":"way/464522335","properties":{"highway":"footway","id":"way/464522335"},"geometry":{"type":"LineString","coordinates":[[139.761766,35.7137638],[139.7618007,35.7136281]]}},{"type":"Feature","id":"way/464522336","properties":{"check_date:handrail":"2023-01-05","handrail":"no","highway":"steps","incline":"up","ramp":"no","surface":"paving_stones","id":"way/464522336"},"geometry":{"type":"LineString","coordinates":[[139.7617411,35.7138607],[139.76176,35.7137871],[139.761766,35.7137638]]}},{"type":"Feature","id":"way/464522337","properties":{"bicycle":"yes","highway":"footway","id":"way/464522337"},"geometry":{"type":"LineString","coordinates":[[139.7617538,35.7136199],[139.7618007,35.7136281]]}},{"type":"Feature","id":"way/464522338","properties":{"bicycle":"no","highway":"path","id":"way/464522338"},"geometry":{"type":"LineString","coordinates":[[139.7617898,35.7132664],[139.7618719,35.7133523],[139.7619504,35.7134349],[139.7619913,35.7134625]]}},{"type":"Feature","id":"way/464522339","properties":{"bicycle":"no","highway":"path","id":"way/464522339"},"geometry":{"type":"LineString","coordinates":[[139.7617549,35.7134007],[139.7618719,35.7133523],[139.7619854,35.7133044],[139.7620376,35.7132917]]}},{"type":"Feature","id":"way/464522340","properties":{"bicycle":"no","highway":"path","id":"way/464522340"},"geometry":{"type":"LineString","coordinates":[[139.7618958,35.7132666],[139.7618719,35.7133523],[139.7618509,35.7134384]]}},{"type":"Feature","id":"way/464522341","properties":{"bicycle":"no","highway":"path","id":"way/464522341"},"geometry":{"type":"LineString","coordinates":[[139.7617944,35.7132486],[139.7617898,35.7132664],[139.7617549,35.7134007],[139.7617496,35.713421]]}},{"type":"Feature","id":"way/464522342","properties":{"bicycle":"yes","highway":"pedestrian","surface":"paving_stones","id":"way/464522342"},"geometry":{"type":"LineString","coordinates":[[139.7620376,35.7132917],[139.7620598,35.7133478]]}},{"type":"Feature","id":"way/464522343","properties":{"bicycle":"yes","highway":"pedestrian","surface":"paving_stones","tunnel":"building_passage","id":"way/464522343"},"geometry":{"type":"LineString","coordinates":[[139.7620384,35.7134178],[139.7620598,35.7133478]]}},{"type":"Feature","id":"way/464522344","properties":{"bicycle":"yes","highway":"pedestrian","incline":"up","surface":"asphalt","id":"way/464522344"},"geometry":{"type":"LineString","coordinates":[[139.7621507,35.7128368],[139.7621266,35.7129381],[139.7620888,35.7130884],[139.7620813,35.7131182]]}},{"type":"Feature","id":"way/464522345","properties":{"bicycle":"yes","highway":"pedestrian","surface":"paving_stones","id":"way/464522345"},"geometry":{"type":"LineString","coordinates":[[139.7619913,35.7134625],[139.762031,35.7134413],[139.7620384,35.7134178]]}},{"type":"Feature","id":"way/464522346","properties":{"highway":"service","lit":"yes","maxspeed":"20","name":"安講北通り","oneway":"yes","source":"Bing","id":"way/464522346"},"geometry":{"type":"LineString","coordinates":[[139.7608,35.7136893],[139.7606054,35.7136538],[139.7602597,35.7135908],[139.7599615,35.7135365],[139.75968,35.713486]]}},{"type":"Feature","id":"way/464522347","properties":{"highway":"service","name":"安講北通り","name:en":"Yasuko North Street","oneway":"yes","source":"Bing","id":"way/464522347"},"geometry":{"type":"LineString","coordinates":[[139.7631099,35.71411],[139.7626683,35.7140296],[139.7626145,35.7140198]]}},{"type":"Feature","id":"way/464522348","properties":{"check_date:handrail":"2023-01-05","handrail":"no","highway":"steps","incline":"up","ramp":"no","surface":"concrete","id":"way/464522348"},"geometry":{"type":"LineString","coordinates":[[139.7614899,35.713815],[139.761517,35.71372]]}},{"type":"Feature","id":"way/464522349","properties":{"highway":"steps","incline":"up","surface":"paving_stones","id":"way/464522349"},"geometry":{"type":"LineString","coordinates":[[139.761755,35.7127943],[139.7617404,35.7128504],[139.761729,35.7128942]]}},{"type":"Feature","id":"way/464522350","properties":{"highway":"footway","surface":"paved","id":"way/464522350"},"geometry":{"type":"LineString","coordinates":[[139.762113,35.7132238],[139.7621291,35.7132113],[139.7621367,35.7131848]]}},{"type":"Feature","id":"way/464522351","properties":{"highway":"footway","surface":"paved","id":"way/464522351"},"geometry":{"type":"LineString","coordinates":[[139.7621442,35.7132164],[139.7621604,35.7132081],[139.7621889,35.7131073]]}},{"type":"Feature","id":"way/464522352","properties":{"bicycle":"yes","highway":"footway","id":"way/464522352"},"geometry":{"type":"LineString","coordinates":[[139.7616408,35.7136013],[139.7615777,35.7135887],[139.7615573,35.7135846]]}},{"type":"Feature","id":"way/464522353","properties":{"highway":"steps","incline":"up","id":"way/464522353"},"geometry":{"type":"LineString","coordinates":[[139.7620813,35.7131182],[139.7620276,35.7130923],[139.7619795,35.7130855]]}},{"type":"Feature","id":"way/464522354","properties":{"bicycle":"yes","highway":"footway","surface":"compacted","id":"way/464522354"},"geometry":{"type":"LineString","coordinates":[[139.7619004,35.7130767],[139.7619795,35.7130855]]}},{"type":"Feature","id":"way/464522355","properties":{"bicycle":"yes","highway":"footway","surface":"compacted","id":"way/464522355"},"geometry":{"type":"LineString","coordinates":[[139.7617878,35.7130571],[139.7617045,35.7130426]]}},{"type":"Feature","id":"way/464522356","properties":{"bicycle":"yes","highway":"footway","id":"way/464522356"},"geometry":{"type":"LineString","coordinates":[[139.7618562,35.7130212],[139.761878,35.7129384]]}},{"type":"Feature","id":"way/464522357","properties":{"bicycle":"yes","highway":"footway","id":"way/464522357"},"geometry":{"type":"LineString","coordinates":[[139.761738,35.7129132],[139.761878,35.7129384],[139.7619842,35.7129575]]}},{"type":"Feature","id":"way/464522358","properties":{"bicycle":"yes","highway":"footway","surface":"compacted","id":"way/464522358"},"geometry":{"type":"LineString","coordinates":[[139.7618264,35.7130224],[139.7618013,35.7130355],[139.7617878,35.7130571],[139.7617893,35.7130813],[139.7618055,35.7131016],[139.761832,35.7131126],[139.7618618,35.7131114],[139.7618868,35.7130983],[139.7619004,35.7130767],[139.7618995,35.7130629],[139.7618989,35.7130525],[139.7618827,35.7130322],[139.7618562,35.7130212],[139.7618264,35.7130224]]}},{"type":"Feature","id":"way/464522359","properties":{"bicycle":"yes","highway":"footway","id":"way/464522359"},"geometry":{"type":"LineString","coordinates":[[139.7616789,35.7135662],[139.7616541,35.7135796],[139.7616408,35.7136013],[139.7616426,35.7136255],[139.7616591,35.7136457],[139.7616858,35.7136565],[139.7617156,35.713655],[139.7617405,35.7136416],[139.7617538,35.7136199],[139.7617519,35.7135957],[139.7617354,35.7135755],[139.7617087,35.7135647],[139.7616789,35.7135662]]}},{"type":"Feature","id":"way/464522360","properties":{"bicycle":"yes","highway":"footway","incline":"up","surface":"sett","id":"way/464522360"},"geometry":{"type":"LineString","coordinates":[[139.7620813,35.7131182],[139.762002,35.713154],[139.761982,35.713167],[139.7619509,35.7131763],[139.7619207,35.713179],[139.7619149,35.7131993]]}},{"type":"Feature","id":"way/464522361","properties":{"highway":"steps","incline":"up","id":"way/464522361"},"geometry":{"type":"LineString","coordinates":[[139.7619263,35.7136403],[139.7618563,35.713638],[139.7618007,35.7136281]]}},{"type":"Feature","id":"way/464522362","properties":{"bicycle":"yes","highway":"footway","incline":"up","surface":"sett","id":"way/464522362"},"geometry":{"type":"LineString","coordinates":[[139.7619263,35.7136403],[139.761867,35.713608],[139.7618597,35.7135813],[139.7618469,35.7135582],[139.7618266,35.7135368],[139.7618347,35.7135041]]}},{"type":"Feature","id":"way/464522363","properties":{"bicycle":"yes","highway":"footway","surface":"paving_stones","id":"way/464522363"},"geometry":{"type":"LineString","coordinates":[[139.7618083,35.7131982],[139.7617999,35.7132285],[139.7617944,35.7132486]]}},{"type":"Feature","id":"way/464522364","properties":{"bicycle":"yes","highway":"footway","surface":"paving_stones","id":"way/464522364"},"geometry":{"type":"LineString","coordinates":[[139.7616328,35.7131547],[139.7616484,35.7131751],[139.7616709,35.7132046],[139.7616816,35.7132187],[139.7617021,35.7132455],[139.7617152,35.7132626]]}},{"type":"Feature","id":"way/464522365","properties":{"bicycle":"yes","highway":"footway","surface":"paving_stones","id":"way/464522365"},"geometry":{"type":"LineString","coordinates":[[139.7617349,35.7134725],[139.7617433,35.7134433],[139.7617496,35.713421]]}},{"type":"Feature","id":"way/464522366","properties":{"bicycle":"yes","highway":"footway","surface":"paving_stones","id":"way/464522366"},"geometry":{"type":"LineString","coordinates":[[139.7615556,35.7134487],[139.7615805,35.7134349],[139.7616119,35.713419],[139.7616294,35.7134097],[139.7616628,35.7133919],[139.7616832,35.7133811]]}},{"type":"Feature","id":"way/464522367","properties":{"bicycle":"yes","highway":"footway","surface":"paving_stones","id":"way/464522367"},"geometry":{"type":"LineString","coordinates":[[139.7618383,35.7134896],[139.7617349,35.7134725],[139.7616777,35.7134516],[139.7616294,35.7134097],[139.7616115,35.7133763],[139.7616034,35.7133376],[139.7616084,35.7133031],[139.7616232,35.7132681],[139.7616525,35.7132387],[139.7616816,35.7132187],[139.7617446,35.7131982],[139.7618083,35.7131982],[139.7619095,35.7132182]]}},{"type":"Feature","id":"way/464522368","properties":{"bicycle":"yes","highway":"footway","surface":"asphalt","id":"way/464522368"},"geometry":{"type":"LineString","coordinates":[[139.761517,35.71372],[139.7615324,35.7136683],[139.7615573,35.7135846],[139.7615693,35.7135425],[139.7615845,35.713489],[139.7615658,35.7134629],[139.7615556,35.7134487],[139.7615201,35.7133763],[139.7615269,35.7133251],[139.7615352,35.7132895],[139.7615464,35.7132577],[139.761549,35.7132502],[139.7615601,35.7132236],[139.7615724,35.7131939],[139.7616091,35.7131701],[139.7616328,35.7131547],[139.7616817,35.7131302],[139.7617045,35.7130426],[139.761738,35.7129132],[139.761729,35.7128942]]}},{"type":"Feature","id":"way/464522369","properties":{"bicycle":"yes","highway":"pedestrian","lit":"yes","source":"knowledge","surface":"asphalt","id":"way/464522369"},"geometry":{"type":"LineString","coordinates":[[139.7608204,35.7136159],[139.7608181,35.7136241],[139.7608,35.7136893]]}},{"type":"Feature","id":"way/464522370","properties":{"bicycle":"yes","highway":"pedestrian","lit":"yes","source":"knowledge;survey","surface":"paving_stones","tunnel":"building_passage","id":"way/464522370"},"geometry":{"type":"LineString","coordinates":[[139.760907,35.7133038],[139.7608204,35.7136159]]}},{"type":"Feature","id":"way/464522371","properties":{"bicycle":"yes","highway":"pedestrian","lit":"yes","source":"knowledge","surface":"paving_stones","tunnel":"building_passage","id":"way/464522371"},"geometry":{"type":"LineString","coordinates":[[139.7610586,35.7127572],[139.7609748,35.7130591]]}},{"type":"Feature","id":"way/464522372","properties":{"bicycle":"yes","highway":"pedestrian","lit":"yes","source":"knowledge","surface":"concrete","id":"way/464522372"},"geometry":{"type":"LineString","coordinates":[[139.7611659,35.7123703],[139.7610824,35.7126713],[139.7610586,35.7127572]]}},{"type":"Feature","id":"way/464522373","properties":{"bicycle":"yes","highway":"pedestrian","lit":"yes","name":"正赤通り","name:en":"Seiseki Street","id":"way/464522373"},"geometry":{"type":"LineString","coordinates":[[139.7598743,35.712773],[139.7598207,35.7129707]]}},{"type":"Feature","id":"way/464522374","properties":{"highway":"service","lit":"yes","name":"正赤通り","name:en":"Seiseki Street","source":"Bing","id":"way/464522374"},"geometry":{"type":"LineString","coordinates":[[139.7597745,35.7131398],[139.75968,35.713486]]}},{"type":"Feature","id":"way/464899105","properties":{"highway":"service","id":"way/464899105"},"geometry":{"type":"LineString","coordinates":[[139.7629756,35.7114585],[139.7633155,35.7114497],[139.7637708,35.7114379],[139.7638268,35.7114188],[139.7638488,35.7114187]]}},{"type":"Feature","id":"way/464899118","properties":{"highway":"service","source":"Bing","id":"way/464899118"},"geometry":{"type":"LineString","coordinates":[[139.7640282,35.712783],[139.7639511,35.7127846],[139.7627542,35.7128096]]}},{"type":"Feature","id":"way/464899120","properties":{"highway":"service","id":"way/464899120"},"geometry":{"type":"LineString","coordinates":[[139.7629873,35.7118264],[139.7628667,35.7118632],[139.7627566,35.7117732]]}},{"type":"Feature","id":"way/466577748","properties":{"highway":"service","maxspeed":"15","oneway":"yes","id":"way/466577748"},"geometry":{"type":"LineString","coordinates":[[139.7666906,35.7108371],[139.7666072,35.7107795],[139.7665384,35.7107532]]}},{"type":"Feature","id":"way/466577749","properties":{"crossing":"uncontrolled","crossing:markings":"zebra","footway":"crossing","highway":"footway","lit":"yes","surface":"asphalt","id":"way/466577749"},"geometry":{"type":"LineString","coordinates":[[139.7641036,35.710716],[139.7640878,35.7106986],[139.7640859,35.7106385],[139.7640834,35.7105614]]}},{"type":"Feature","id":"way/466577750","properties":{"footway":"sidewalk","highway":"footway","lit":"yes","surface":"asphalt","id":"way/466577750"},"geometry":{"type":"LineString","coordinates":[[139.7652521,35.7104272],[139.7652102,35.7104755],[139.7652107,35.7104864],[139.765212,35.7105176],[139.7652031,35.7105283],[139.7650422,35.7105322],[139.7648251,35.7105347],[139.7647413,35.7105445],[139.7645978,35.7105472],[139.7645284,35.7105538],[139.7640834,35.7105614],[139.7640317,35.7105628],[139.7640129,35.7105555],[139.7640038,35.7105412],[139.7639935,35.7103703]]}},{"type":"Feature","id":"way/466577751","properties":{"access":"no","emergency":"yes","highway":"service","oneway":"yes","sidewalk":"no","id":"way/466577751"},"geometry":{"type":"LineString","coordinates":[[139.7651928,35.7106329],[139.7652474,35.7106727],[139.765284,35.7106993],[139.7654192,35.710697],[139.765569,35.7106944],[139.7656085,35.7106633],[139.7656615,35.7106216]]}},{"type":"Feature","id":"way/466577752","properties":{"highway":"service","lit":"yes","maxspeed":"15","sidewalk":"no","surface":"asphalt","id":"way/466577752"},"geometry":{"type":"LineString","coordinates":[[139.7639471,35.7106389],[139.7640859,35.7106385],[139.7641201,35.7106376]]}},{"type":"Feature","id":"way/466577753","properties":{"highway":"service","id":"way/466577753"},"geometry":{"type":"LineString","coordinates":[[139.7672491,35.7118452],[139.7667983,35.711854]]}},{"type":"Feature","id":"way/466577758","properties":{"access":"no","highway":"service","id":"way/466577758"},"geometry":{"type":"LineString","coordinates":[[139.7665384,35.7107532],[139.7665471,35.7107993],[139.7665522,35.7108264],[139.7666709,35.7109265],[139.7666749,35.7111819]]}},{"type":"Feature","id":"way/466577762","properties":{"footway":"crossing","highway":"footway","lit":"yes","surface":"asphalt","id":"way/466577762"},"geometry":{"type":"LineString","coordinates":[[139.7650422,35.7105322],[139.7650436,35.7105667],[139.7650447,35.7105955]]}},{"type":"Feature","id":"way/466577763","properties":{"highway":"service","maxspeed":"15","oneway":"yes","sidewalk":"no","surface":"asphalt","id":"way/466577763"},"geometry":{"type":"LineString","coordinates":[[139.7657632,35.7106192],[139.7657947,35.7105638],[139.7657606,35.7105164]]}},{"type":"Feature","id":"way/466577764","properties":{"highway":"service","lit":"yes","maxspeed":"15","oneway":"yes","oneway:emergency":"no","sidewalk":"no","surface":"asphalt","id":"way/466577764"},"geometry":{"type":"LineString","coordinates":[[139.764797,35.7106405],[139.7647929,35.7105888]]}},{"type":"Feature","id":"way/466577765","properties":{"highway":"service","lit":"yes","maxspeed":"15","oneway":"yes","sidewalk":"no","surface":"asphalt","id":"way/466577765"},"geometry":{"type":"LineString","coordinates":[[139.7641201,35.7106376],[139.7641805,35.7106696],[139.7645318,35.7106622],[139.7647566,35.7106547],[139.764797,35.7106405],[139.7650458,35.7106357],[139.7651928,35.7106329],[139.7656615,35.7106216],[139.7657632,35.7106192],[139.7658813,35.7106177],[139.7660717,35.7106645],[139.7661356,35.7106616]]}},{"type":"Feature","id":"way/466577766","properties":{"highway":"service","maxspeed":"15","oneway":"yes","sidewalk":"left","surface":"asphalt","id":"way/466577766"},"geometry":{"type":"LineString","coordinates":[[139.7665384,35.7107532],[139.766529,35.710707],[139.7664069,35.7106078],[139.7661267,35.7106024],[139.7659961,35.7105499],[139.7659074,35.7105143],[139.7657606,35.7105164],[139.7655795,35.7105218],[139.765316,35.7105507]]}},{"type":"Feature","id":"way/466675821","properties":{"highway":"service","tunnel":"building_passage","id":"way/466675821"},"geometry":{"type":"LineString","coordinates":[[139.7650036,35.7115931],[139.7650363,35.7115921]]}},{"type":"Feature","id":"way/466675822","properties":{"highway":"service","id":"way/466675822"},"geometry":{"type":"LineString","coordinates":[[139.7650363,35.7115921],[139.765086,35.7115904],[139.7653007,35.711492],[139.7655338,35.7114652]]}},{"type":"Feature","id":"way/466675823","properties":{"bridge":"yes","highway":"footway","layer":"1","source":"Bing","id":"way/466675823"},"geometry":{"type":"LineString","coordinates":[[139.7658814,35.7125465],[139.7658969,35.7125462]]}},{"type":"Feature","id":"way/466675824","properties":{"crossing":"uncontrolled","crossing:markings":"zebra","footway":"crossing","highway":"footway","lit":"yes","surface":"asphalt","id":"way/466675824"},"geometry":{"type":"LineString","coordinates":[[139.7639935,35.7103703],[139.7639375,35.710371],[139.7638443,35.7103756]]}},{"type":"Feature","id":"way/466675825","properties":{"highway":"service","tunnel":"building_passage","id":"way/466675825"},"geometry":{"type":"LineString","coordinates":[[139.7642725,35.7115997],[139.7644543,35.7115972]]}},{"type":"Feature","id":"way/466675826","properties":{"highway":"service","id":"way/466675826"},"geometry":{"type":"LineString","coordinates":[[139.7639861,35.7116022],[139.7641022,35.7116025],[139.7641253,35.7116019],[139.7641333,35.7116016],[139.7642725,35.7115997]]}},{"type":"Feature","id":"way/466675827","properties":{"highway":"service","id":"way/466675827"},"geometry":{"type":"LineString","coordinates":[[139.7664903,35.7114164],[139.7667112,35.7114097],[139.7668012,35.711425]]}},{"type":"Feature","id":"way/466675828","properties":{"footway":"sidewalk","highway":"footway","surface":"paving_stones","id":"way/466675828"},"geometry":{"type":"LineString","coordinates":[[139.7639992,35.7108916],[139.7640825,35.7108908]]}},{"type":"Feature","id":"way/466675829","properties":{"footway":"sidewalk","highway":"footway","surface":"asphalt","id":"way/466675829"},"geometry":{"type":"LineString","coordinates":[[139.7638749,35.710894],[139.7639585,35.7108921],[139.7639992,35.7108916]]}},{"type":"Feature","id":"way/466675830","properties":{"access":"no","highway":"service","lanes":"1","oneway":"yes","taxi":"yes","id":"way/466675830"},"geometry":{"type":"LineString","coordinates":[[139.7641333,35.7116016],[139.7641038,35.7108174],[139.7640788,35.7107984],[139.7639526,35.710785]]}},{"type":"Feature","id":"way/466675831","properties":{"covered":"yes","footway":"sidewalk","highway":"footway","lit":"yes","surface":"paving_stones","id":"way/466675831"},"geometry":{"type":"LineString","coordinates":[[139.7641279,35.7108204],[139.7641272,35.710769],[139.7641036,35.7107525],[139.7641036,35.710716],[139.7642467,35.7107143]]}},{"type":"Feature","id":"way/466675832","properties":{"footway":"sidewalk","highway":"footway","surface":"paving_stones","id":"way/466675832"},"geometry":{"type":"LineString","coordinates":[[139.7641678,35.7122663],[139.764145,35.7116401]]}},{"type":"Feature","id":"way/466675833","properties":{"footway":"crossing","highway":"footway","surface":"asphalt","id":"way/466675833"},"geometry":{"type":"LineString","coordinates":[[139.7641688,35.7123362],[139.7641683,35.7123022],[139.7641678,35.7122663]]}},{"type":"Feature","id":"way/466675834","properties":{"footway":"sidewalk","highway":"footway","surface":"paving_stones","id":"way/466675834"},"geometry":{"type":"LineString","coordinates":[[139.7641037,35.711413],[139.7640266,35.7114138]]}},{"type":"Feature","id":"way/466675835","properties":{"crossing":"uncontrolled","footway":"crossing","highway":"footway","surface":"paving_stones","id":"way/466675835"},"geometry":{"type":"LineString","coordinates":[[139.764145,35.7116401],[139.7641253,35.7116019],[139.7641095,35.711571]]}},{"type":"Feature","id":"way/466675836","properties":{"footway":"sidewalk","highway":"footway","surface":"paving_stones","id":"way/466675836"},"geometry":{"type":"LineString","coordinates":[[139.7641095,35.711571],[139.7641037,35.711413],[139.7640825,35.7108908],[139.7640805,35.7108402]]}},{"type":"Feature","id":"way/466675837","properties":{"footway":"crossing","highway":"footway","surface":"paving_stones","id":"way/466675837"},"geometry":{"type":"LineString","coordinates":[[139.7640805,35.7108402],[139.7640788,35.7107984],[139.7640779,35.7107761],[139.7641036,35.7107525]]}},{"type":"Feature","id":"way/466675838","properties":{"footway":"sidewalk","highway":"footway","surface":"asphalt","id":"way/466675838"},"geometry":{"type":"LineString","coordinates":[[139.7642563,35.7131407],[139.764255,35.7131053],[139.7642013,35.7130525],[139.7641726,35.7124195],[139.7641688,35.7123362]]}},{"type":"Feature","id":"way/466675840","properties":{"highway":"service","oneway":"yes","service":"parking_aisle","id":"way/466675840"},"geometry":{"type":"LineString","coordinates":[[139.7641392,35.7123028],[139.7641254,35.7122661],[139.764121,35.7121346],[139.7641002,35.7120862],[139.7640908,35.7118183],[139.7641049,35.7117666],[139.7641028,35.7116408],[139.7641022,35.7116025]]}},{"type":"Feature","id":"way/466675842","properties":{"highway":"service","oneway":"yes","id":"way/466675842"},"geometry":{"type":"LineString","coordinates":[[139.7640383,35.713113],[139.7641368,35.7131106],[139.7641732,35.7130786],[139.7641443,35.71242],[139.7641392,35.7123028]]}},{"type":"Feature","id":"way/466675843","properties":{"highway":"service","maxspeed":"15","oneway":"yes","id":"way/466675843"},"geometry":{"type":"LineString","coordinates":[[139.7641392,35.7123028],[139.7640133,35.7123052]]}},{"type":"Feature","id":"way/466675844","properties":{"highway":"service","maxspeed":"15","tunnel":"building_passage","id":"way/466675844"},"geometry":{"type":"LineString","coordinates":[[139.7644835,35.7122963],[139.7643713,35.7122984],[139.7643001,35.7122998]]}},{"type":"Feature","id":"way/466675845","properties":{"highway":"service","maxspeed":"15","id":"way/466675845"},"geometry":{"type":"LineString","coordinates":[[139.7643001,35.7122998],[139.7641683,35.7123022],[139.7641392,35.7123028]]}},{"type":"Feature","id":"way/466675847","properties":{"highway":"footway","surface":"concrete","id":"way/466675847"},"geometry":{"type":"LineString","coordinates":[[139.7654199,35.71072],[139.7654192,35.710697]]}},{"type":"Feature","id":"way/466675848","properties":{"covered":"yes","highway":"footway","id":"way/466675848"},"geometry":{"type":"LineString","coordinates":[[139.7661825,35.7107094],[139.7661817,35.7106954],[139.7661805,35.7106595]]}},{"type":"Feature","id":"way/466675849","properties":{"footway":"crossing","highway":"footway","id":"way/466675849"},"geometry":{"type":"LineString","coordinates":[[139.7665001,35.7107897],[139.7665471,35.7107993]]}},{"type":"Feature","id":"way/466675850","properties":{"footway":"sidewalk","highway":"footway","id":"way/466675850"},"geometry":{"type":"LineString","coordinates":[[139.7662679,35.7106928],[139.7663566,35.7106901],[139.7663767,35.7106955],[139.7665001,35.7107897]]}},{"type":"Feature","id":"way/466675851","properties":{"highway":"footway","lit":"yes","surface":"paving_stones","id":"way/466675851"},"geometry":{"type":"LineString","coordinates":[[139.764643,35.7107491],[139.7646427,35.710709]]}},{"type":"Feature","id":"way/466675852","properties":{"covered":"colonnade","footway":"sidewalk","highway":"footway","lit":"yes","surface":"paving_stones","id":"way/466675852"},"geometry":{"type":"LineString","coordinates":[[139.7642467,35.7107143],[139.7643235,35.710713],[139.7643899,35.7107157],[139.7645333,35.7107119],[139.7646427,35.710709],[139.7647587,35.7107059],[139.7648686,35.7106825],[139.7650469,35.7106779],[139.7652474,35.7106727],[139.7656085,35.7106633],[139.7658161,35.710658],[139.7659281,35.7107032],[139.7660929,35.7106981],[139.7661817,35.7106954],[139.7662679,35.7106928]]}},{"type":"Feature","id":"way/466675853","properties":{"footway":"crossing","highway":"footway","lit":"yes","surface":"asphalt","id":"way/466675853"},"geometry":{"type":"LineString","coordinates":[[139.7645309,35.7106343],[139.7645318,35.7106622],[139.7645333,35.7107119]]}},{"type":"Feature","id":"way/466675854","properties":{"footway":"crossing","handrail":"yes","highway":"steps","incline":"up","lit":"yes","ramp":"no","step_count":"5","surface":"asphalt","id":"way/466675854"},"geometry":{"type":"LineString","coordinates":[[139.7645303,35.710615],[139.7645309,35.7106343]]}},{"type":"Feature","id":"way/466675855","properties":{"footway":"crossing","highway":"footway","lit":"yes","surface":"asphalt","id":"way/466675855"},"geometry":{"type":"LineString","coordinates":[[139.7645284,35.7105538],[139.7645297,35.7105953],[139.7645303,35.710615]]}},{"type":"Feature","id":"way/466675856","properties":{"check_date:handrail":"2022-12-26","footway":"crossing","handrail":"no","highway":"steps","incline":"up","lit":"yes","ramp":"no","surface":"asphalt","id":"way/466675856"},"geometry":{"type":"LineString","coordinates":[[139.7650447,35.7105955],[139.7650452,35.7106113]]}},{"type":"Feature","id":"way/466675857","properties":{"footway":"crossing","highway":"footway","lit":"yes","surface":"asphalt","id":"way/466675857"},"geometry":{"type":"LineString","coordinates":[[139.7650452,35.7106113],[139.7650458,35.7106357],[139.7650469,35.7106779]]}},{"type":"Feature","id":"way/467725705","properties":{"check_date:handrail":"2023-01-05","handrail":"no","highway":"steps","incline":"up","ramp":"no","surface":"paved","id":"way/467725705"},"geometry":{"type":"LineString","coordinates":[[139.7613391,35.7137163],[139.7613653,35.7137206]]}},{"type":"Feature","id":"way/467725707","properties":{"bicycle":"yes","footway":"sidewalk","highway":"footway","surface":"paved","id":"way/467725707"},"geometry":{"type":"LineString","coordinates":[[139.7612297,35.7137676],[139.761311,35.7137119],[139.7613391,35.7137163]]}},{"type":"Feature","id":"way/467725709","properties":{"bicycle":"yes","highway":"footway","surface":"asphalt","id":"way/467725709"},"geometry":{"type":"LineString","coordinates":[[139.7613653,35.7137206],[139.7614176,35.7137277],[139.7615324,35.7136683]]}},{"type":"Feature","id":"way/467725711","properties":{"highway":"steps","incline":"up","step_count":"2","surface":"paved","id":"way/467725711"},"geometry":{"type":"LineString","coordinates":[[139.7618347,35.7135041],[139.7618383,35.7134896]]}},{"type":"Feature","id":"way/467725713","properties":{"bicycle":"yes","highway":"footway","surface":"paving_stones","id":"way/467725713"},"geometry":{"type":"LineString","coordinates":[[139.7618383,35.7134896],[139.7618509,35.7134384]]}},{"type":"Feature","id":"way/467725714","properties":{"highway":"steps","incline":"up","step_count":"3","surface":"paved","id":"way/467725714"},"geometry":{"type":"LineString","coordinates":[[139.7619149,35.7131993],[139.7619095,35.7132182]]}},{"type":"Feature","id":"way/467725716","properties":{"bicycle":"yes","highway":"footway","surface":"paving_stones","id":"way/467725716"},"geometry":{"type":"LineString","coordinates":[[139.7619095,35.7132182],[139.7618958,35.7132666]]}},{"type":"Feature","id":"way/468349878","properties":{"highway":"footway","id":"way/468349878"},"geometry":{"type":"LineString","coordinates":[[139.7605869,35.7101721],[139.7606211,35.7102258]]}},{"type":"Feature","id":"way/468349879","properties":{"highway":"footway","surface":"paving_stones","id":"way/468349879"},"geometry":{"type":"LineString","coordinates":[[139.7603584,35.7099713],[139.760556,35.7101356]]}},{"type":"Feature","id":"way/468349881","properties":{"highway":"pedestrian","source":"Bing","id":"way/468349881"},"geometry":{"type":"LineString","coordinates":[[139.7606939,35.7100352],[139.7607162,35.7100496]]}},{"type":"Feature","id":"way/468349882","properties":{"highway":"pedestrian","source":"Bing","tunnel":"building_passage","id":"way/468349882"},"geometry":{"type":"LineString","coordinates":[[139.7605903,35.7100155],[139.7606939,35.7100352]]}},{"type":"Feature","id":"way/468349885","properties":{"highway":"service","surface":"asphalt","id":"way/468349885"},"geometry":{"type":"LineString","coordinates":[[139.7627504,35.7108162],[139.7628916,35.7108269]]}},{"type":"Feature","id":"way/468349886","properties":{"highway":"service","tunnel":"building_passage","id":"way/468349886"},"geometry":{"type":"LineString","coordinates":[[139.7627122,35.7108133],[139.7627504,35.7108162]]}},{"type":"Feature","id":"way/468349887","properties":{"highway":"service","id":"way/468349887"},"geometry":{"type":"LineString","coordinates":[[139.7626473,35.7108084],[139.7627122,35.7108133]]}},{"type":"Feature","id":"way/468349893","properties":{"highway":"service","lit":"yes","sidewalk":"both","sidewalk:both:surface":"asphalt","surface":"asphalt","id":"way/468349893"},"geometry":{"type":"LineString","coordinates":[[139.7639412,35.7105192],[139.7638274,35.7105188],[139.7637787,35.7105175]]}},{"type":"Feature","id":"way/468349896","properties":{"highway":"service","lit":"yes","id":"way/468349896"},"geometry":{"type":"LineString","coordinates":[[139.7624695,35.7105031],[139.7624793,35.710395]]}},{"type":"Feature","id":"way/468349897","properties":{"highway":"service","lit":"yes","surface":"asphalt","id":"way/468349897"},"geometry":{"type":"LineString","coordinates":[[139.7607162,35.7100496],[139.7607947,35.7100948],[139.7613748,35.7101983],[139.7616959,35.7102563],[139.7617371,35.7102755]]}},{"type":"Feature","id":"way/468349898","properties":{"highway":"service","lit":"yes","surface":"asphalt","id":"way/468349898"},"geometry":{"type":"LineString","coordinates":[[139.762099,35.7104879],[139.7621391,35.7103471]]}},{"type":"Feature","id":"way/469105022","properties":{"highway":"service","lit":"yes","maxspeed":"15","oneway":"yes","sidewalk":"no","surface":"asphalt","id":"way/469105022"},"geometry":{"type":"LineString","coordinates":[[139.765316,35.7105507],[139.7652479,35.7105548],[139.7650436,35.7105667],[139.7648167,35.7105733],[139.7647929,35.7105888],[139.7645821,35.7105936],[139.7645297,35.7105953],[139.7641791,35.7106067],[139.7641201,35.7106376]]}},{"type":"Feature","id":"way/469105031","properties":{"footway":"sidewalk","highway":"footway","surface":"asphalt","id":"way/469105031"},"geometry":{"type":"LineString","coordinates":[[139.7641726,35.7124195],[139.7641443,35.71242],[139.7640669,35.7124212]]}},{"type":"Feature","id":"way/469105032","properties":{"highway":"unclassified","lanes":"2","lit":"yes","maxspeed":"20","sidewalk":"both","surface":"asphalt","id":"way/469105032"},"geometry":{"type":"LineString","coordinates":[[139.7640414,35.7131955],[139.7640448,35.7133421]]}},{"type":"Feature","id":"way/469105033","properties":{"highway":"unclassified","lanes":"2","lit":"yes","maxspeed":"20","sidewalk":"left","surface":"asphalt","id":"way/469105033"},"geometry":{"type":"LineString","coordinates":[[139.7640239,35.7126612],[139.7640282,35.712783],[139.7640383,35.713113],[139.7640414,35.7131955]]}},{"type":"Feature","id":"way/469105034","properties":{"highway":"unclassified","lanes":"2","lit":"yes","maxspeed":"20","sidewalk":"left","surface":"asphalt","id":"way/469105034"},"geometry":{"type":"LineString","coordinates":[[139.7639375,35.710371],[139.7639412,35.7105192],[139.7639471,35.7106389],[139.7639526,35.710785],[139.7639585,35.7108921],[139.7639664,35.7111489]]}},{"type":"Feature","id":"way/469105035","properties":{"highway":"unclassified","lanes":"2","lit":"yes","maxspeed":"20","sidewalk":"both","surface":"asphalt","id":"way/469105035"},"geometry":{"type":"LineString","coordinates":[[139.7637252,35.7087478],[139.7637247,35.708796],[139.7637246,35.7088388],[139.7637264,35.708861],[139.7637306,35.7088823],[139.7637401,35.7089141],[139.7638498,35.7092383],[139.7638579,35.7092722],[139.7638795,35.709408],[139.7638914,35.709518],[139.7638943,35.7095841],[139.7639375,35.710371]]}},{"type":"Feature","id":"way/469105036","properties":{"crossing":"uncontrolled","crossing:markings":"zebra","footway":"crossing","highway":"footway","surface":"asphalt","id":"way/469105036"},"geometry":{"type":"LineString","coordinates":[[139.7640669,35.7124212],[139.7640176,35.7124223],[139.7639706,35.7124233],[139.7639413,35.712424]]}},{"type":"Feature","id":"way/469105037","properties":{"highway":"cycleway","lanes":"1","lit":"yes","sidewalk":"left","surface":"paving_stones","id":"way/469105037"},"geometry":{"type":"LineString","coordinates":[[139.7639664,35.7111489],[139.7639221,35.7111737],[139.7639345,35.7114162],[139.7639706,35.7124233],[139.7639788,35.7126284],[139.7640239,35.7126612]]}},{"type":"Feature","id":"way/469709063","properties":{"bicycle":"yes","highway":"pedestrian","surface":"paving_stones","id":"way/469709063"},"geometry":{"type":"LineString","coordinates":[[139.7619913,35.7134625],[139.7619764,35.7134322],[139.7620069,35.713319],[139.7620376,35.7132917]]}},{"type":"Feature","id":"way/469944902","properties":{"bicycle":"yes","highway":"pedestrian","incline":"up","surface":"sett","id":"way/469944902"},"geometry":{"type":"LineString","coordinates":[[139.7620813,35.7131182],[139.7620376,35.7132917]]}},{"type":"Feature","id":"way/472078635","properties":{"highway":"path","surface":"wood","id":"way/472078635"},"geometry":{"type":"LineString","coordinates":[[139.7659961,35.7105499],[139.7659836,35.7104789],[139.7659634,35.7104636],[139.7658729,35.7104652],[139.7658588,35.7104838],[139.7657549,35.7104859],[139.7657395,35.7104691],[139.7654595,35.7104748],[139.7654381,35.7104876],[139.765283,35.710493]]}},{"type":"Feature","id":"way/472078638","properties":{"footway":"sidewalk","highway":"footway","lit":"yes","surface":"asphalt","id":"way/472078638"},"geometry":{"type":"LineString","coordinates":[[139.765316,35.7105507],[139.7652835,35.7105042],[139.765283,35.710493],[139.7652827,35.7104858],[139.7652459,35.7104861],[139.7652107,35.7104864]]}},{"type":"Feature","id":"way/474302068","properties":{"bicycle":"yes","highway":"footway","surface":"compacted","id":"way/474302068"},"geometry":{"type":"LineString","coordinates":[[139.7616817,35.7131302],[139.7617145,35.7131223],[139.761832,35.7131126]]}},{"type":"Feature","id":"way/474302070","properties":{"highway":"steps","incline":"up","step_count":"3","surface":"paved","id":"way/474302070"},"geometry":{"type":"LineString","coordinates":[[139.7618131,35.7131809],[139.7618083,35.7131982]]}},{"type":"Feature","id":"way/474302073","properties":{"bicycle":"yes","highway":"footway","surface":"compacted","id":"way/474302073"},"geometry":{"type":"LineString","coordinates":[[139.761832,35.7131126],[139.7618131,35.7131809]]}},{"type":"Feature","id":"way/474302075","properties":{"highway":"steps","incline":"up","step_count":"2","surface":"paved","id":"way/474302075"},"geometry":{"type":"LineString","coordinates":[[139.7617315,35.7134847],[139.7617349,35.7134725]]}},{"type":"Feature","id":"way/474302078","properties":{"bicycle":"yes","highway":"footway","surface":"paving_stones","id":"way/474302078"},"geometry":{"type":"LineString","coordinates":[[139.7617087,35.7135647],[139.7617315,35.7134847]]}},{"type":"Feature","id":"way/494398922","properties":{"highway":"service","id":"way/494398922"},"geometry":{"type":"LineString","coordinates":[[139.7615076,35.7091609],[139.7615912,35.7088418],[139.7615365,35.7088323],[139.7615503,35.7087799],[139.7614363,35.7087602],[139.761455,35.7086888]]}},{"type":"Feature","id":"way/494398923","properties":{"highway":"service","lit":"yes","surface":"asphalt","id":"way/494398923"},"geometry":{"type":"LineString","coordinates":[[139.7615076,35.7091609],[139.761642,35.7091847]]}},{"type":"Feature","id":"way/494398937","properties":{"highway":"service","lit":"yes","oneway":"yes","surface":"asphalt","id":"way/494398937"},"geometry":{"type":"LineString","coordinates":[[139.761642,35.7091847],[139.7613748,35.7101983]]}},{"type":"Feature","id":"way/494398938","properties":{"highway":"service","lit":"yes","oneway":"yes","surface":"asphalt","id":"way/494398938"},"geometry":{"type":"LineString","coordinates":[[139.7626317,35.7093544],[139.7620475,35.7092543],[139.761642,35.7091847]]}},{"type":"Feature","id":"way/502540066","properties":{"highway":"service","lit":"yes","oneway":"yes","surface":"paving_stones","tunnel":"building_passage","id":"way/502540066"},"geometry":{"type":"LineString","coordinates":[[139.7604611,35.7147326],[139.760517,35.7145643]]}},{"type":"Feature","id":"way/502540067","properties":{"highway":"service","lit":"yes","oneway":"yes","source":"Bing","surface":"asphalt","id":"way/502540067"},"geometry":{"type":"LineString","coordinates":[[139.760445,35.7147868],[139.7604611,35.7147326]]}},{"type":"Feature","id":"way/502540068","properties":{"bridge":"yes","bridge:loc_name":"ドーバー海峡・連絡橋","bridge:loc_name:en":"Straits of Dover Footbridge","highway":"footway","layer":"1","lit":"yes","source":"Bing","id":"way/502540068"},"geometry":{"type":"LineString","coordinates":[[139.7604653,35.7154429],[139.7604921,35.7153245]]}},{"type":"Feature","id":"way/502540069","properties":{"bridge":"yes","bridge:alt_name":"ドーバー橋","bridge:loc_name":"ドーバー海峡・連絡橋","bridge:loc_name:en":"Straits of Dover Footbridge","highway":"footway","layer":"1","lit":"yes","source":"Bing","id":"way/502540069"},"geometry":{"type":"LineString","coordinates":[[139.760357,35.7155949],[139.760381,35.7154361]]}},{"type":"Feature","id":"way/526170667","properties":{"highway":"path","surface":"unpaved","id":"way/526170667"},"geometry":{"type":"LineString","coordinates":[[139.7639657,35.7137465],[139.7642597,35.7138024],[139.7642235,35.7139413],[139.7642959,35.7140518]]}},{"type":"Feature","id":"way/526170668","properties":{"highway":"service","surface":"asphalt","id":"way/526170668"},"geometry":{"type":"LineString","coordinates":[[139.7642959,35.7140518],[139.7648357,35.7137915],[139.7649155,35.7136598],[139.7649329,35.7135585],[139.765002,35.7135122],[139.764998,35.7132983],[139.7650107,35.7132792],[139.7650067,35.7131587]]}},{"type":"Feature","id":"way/545768811","properties":{"ford":"stepping_stones","highway":"footway","lit":"yes","surface":"rocks","id":"way/545768811"},"geometry":{"type":"LineString","coordinates":[[139.7622755,35.7124987],[139.7622244,35.7124675]]}},{"type":"Feature","id":"way/545768812","properties":{"highway":"footway","lit":"yes","surface":"rocks","id":"way/545768812"},"geometry":{"type":"LineString","coordinates":[[139.7622907,35.7125411],[139.7622755,35.7124987]]}},{"type":"Feature","id":"way/547174056","properties":{"footway":"sidewalk","highway":"footway","lit":"yes","id":"way/547174056"},"geometry":{"type":"LineString","coordinates":[[139.7652279,35.7099117],[139.764259,35.7099264],[139.7642246,35.7099],[139.7642096,35.7092986],[139.764197,35.7087938],[139.7641587,35.7087739],[139.7638095,35.7087903],[139.763784,35.7087972],[139.7637843,35.7088067],[139.7637856,35.708869],[139.763913,35.7092309],[139.7639178,35.7092668],[139.7639519,35.7095217],[139.7639935,35.7103703]]}},{"type":"Feature","id":"way/547174059","properties":{"footway":"sidewalk","highway":"footway","lit":"yes","surface":"asphalt","tactile_paving":"no","id":"way/547174059"},"geometry":{"type":"LineString","coordinates":[[139.7638309,35.7104601],[139.7638443,35.7103756],[139.7638005,35.7095666],[139.763785,35.7092787],[139.7637829,35.7092407],[139.7636771,35.7089279],[139.7636573,35.708869],[139.7636573,35.7088079],[139.7636573,35.7087946],[139.7636573,35.7082968],[139.7636233,35.7082173],[139.7636318,35.708079],[139.7636595,35.7080064],[139.7636649,35.7076254],[139.7636193,35.7075949],[139.7628728,35.707607],[139.7627926,35.7076058],[139.7619054,35.7076126],[139.7611409,35.7076164]]}},{"type":"Feature","id":"way/552263510","properties":{"bicycle":"yes","highway":"pedestrian","lit":"yes","name":"合格通り","surface":"paving_stones","id":"way/552263510"},"geometry":{"type":"LineString","coordinates":[[139.7612148,35.7121946],[139.7612326,35.7121306]]}},{"type":"Feature","id":"way/552263511","properties":{"bicycle":"yes","highway":"pedestrian","name":"合格通り","source":"survey","tunnel":"building_passage","id":"way/552263511"},"geometry":{"type":"LineString","coordinates":[[139.7611785,35.712325],[139.7612148,35.7121946]]}},{"type":"Feature","id":"way/643101046","properties":{"highway":"service","lit":"yes","maxspeed":"20","oneway":"yes","source":"Bing","id":"way/643101046"},"geometry":{"type":"LineString","coordinates":[[139.7605895,35.7144504],[139.7613357,35.7145897],[139.7620785,35.7147271]]}},{"type":"Feature","id":"way/643101047","properties":{"highway":"footway","source":"survey","surface":"paving_stones","id":"way/643101047"},"geometry":{"type":"LineString","coordinates":[[139.7601148,35.714106],[139.7601189,35.7140894],[139.7601407,35.7140001]]}},{"type":"Feature","id":"way/643101048","properties":{"highway":"footway","source":"survey","id":"way/643101048"},"geometry":{"type":"LineString","coordinates":[[139.7606126,35.7141791],[139.7601189,35.7140894],[139.7596632,35.7140066]]}},{"type":"Feature","id":"way/643102413","properties":{"architect":"本多静六","architect:wikidata":"Q11520098","bicycle":"yes","highway":"pedestrian","incline":"down","lit":"yes","name":"銀杏並木","name:fr":"Allée de ginkgos","source":"Bing 2010","start_date":"1906","surface":"paving_stones","wikipedia":"ja:本多静六","id":"way/643102413"},"geometry":{"type":"LineString","coordinates":[[139.7609415,35.7131791],[139.7615352,35.7132895],[139.7615508,35.7132924],[139.7616084,35.7133031],[139.76167,35.7133145]]}},{"type":"Feature","id":"way/690994657","properties":{"highway":"service","source":"knowledge","tunnel":"building_passage","id":"way/690994657"},"geometry":{"type":"LineString","coordinates":[[139.7612455,35.7148808],[139.7612971,35.7147121]]}},{"type":"Feature","id":"way/690994658","properties":{"highway":"service","source":"knowledge","id":"way/690994658"},"geometry":{"type":"LineString","coordinates":[[139.7612971,35.7147121],[139.7613357,35.7145897]]}},{"type":"Feature","id":"way/690996763","properties":{"footway":"sidewalk","highway":"footway","lit":"yes","surface":"paving_stones","id":"way/690996763"},"geometry":{"type":"LineString","coordinates":[[139.7613044,35.7122109],[139.7613247,35.7121447],[139.761366,35.7119958],[139.7614469,35.7117042],[139.7616017,35.7111459]]}},{"type":"Feature","id":"way/754805820","properties":{"highway":"steps","id":"way/754805820"},"geometry":{"type":"LineString","coordinates":[[139.76038,35.7121566],[139.7603176,35.7121465],[139.7603219,35.7121291],[139.7603833,35.712139]]}},{"type":"Feature","id":"way/754805821","properties":{"highway":"steps","id":"way/754805821"},"geometry":{"type":"LineString","coordinates":[[139.7608845,35.7122451],[139.760954,35.7122581],[139.7609583,35.7122429],[139.7608886,35.7122299]]}},{"type":"Feature","id":"way/1021396342","properties":{"highway":"service","lit":"yes","maxspeed":"15","id":"way/1021396342"},"geometry":{"type":"LineString","coordinates":[[139.7641034,35.7131945],[139.764159,35.7131938]]}},{"type":"Feature","id":"way/1021396343","properties":{"highway":"service","lit":"yes","maxspeed":"15","id":"way/1021396343"},"geometry":{"type":"LineString","coordinates":[[139.7640414,35.7131955],[139.7641034,35.7131945]]}},{"type":"Feature","id":"way/1021396344","properties":{"highway":"service","lit":"yes","id":"way/1021396344"},"geometry":{"type":"LineString","coordinates":[[139.7641612,35.7132721],[139.764159,35.7131938]]}},{"type":"Feature","id":"way/1021396345","properties":{"highway":"service","lit":"yes","id":"way/1021396345"},"geometry":{"type":"LineString","coordinates":[[139.7641052,35.7132738],[139.7641034,35.7131945]]}},{"type":"Feature","id":"way/1021396346","properties":{"highway":"service","lit":"yes","id":"way/1021396346"},"geometry":{"type":"LineString","coordinates":[[139.7641091,35.7134482],[139.7641052,35.7132738]]}},{"type":"Feature","id":"way/1021396347","properties":{"highway":"service","lit":"yes","id":"way/1021396347"},"geometry":{"type":"LineString","coordinates":[[139.7641091,35.7134482],[139.7641638,35.7133641],[139.7641612,35.7132721]]}},{"type":"Feature","id":"way/1127466064","properties":{"highway":"service","lit":"yes","source":"Bing","surface":"sett","id":"way/1127466064"},"geometry":{"type":"LineString","coordinates":[[139.7629107,35.7148636],[139.762978,35.7149504]]}},{"type":"Feature","id":"way/1130767559","properties":{"highway":"footway","lit":"yes","source":"survey","surface":"paving_stones","id":"way/1130767559"},"geometry":{"type":"LineString","coordinates":[[139.7609225,35.712074],[139.7601041,35.7119252]]}},{"type":"Feature","id":"way/1189270890","properties":{"crossing":"uncontrolled","crossing:markings":"zebra","footway":"crossing","highway":"footway","id":"way/1189270890"},"geometry":{"type":"LineString","coordinates":[[139.763785,35.7092787],[139.7638579,35.7092722],[139.7639178,35.7092668]]}},{"type":"Feature","id":"way/1189270891","properties":{"footway":"sidewalk","highway":"footway","id":"way/1189270891"},"geometry":{"type":"LineString","coordinates":[[139.7639511,35.7127846],[139.7639413,35.712424],[139.763903,35.7114177],[139.7638749,35.710894],[139.7638615,35.7106441],[139.76386,35.7106169],[139.7638239,35.7105778]]}},{"type":"Feature","id":"way/1189270892","properties":{"crossing":"uncontrolled","crossing:markings":"zebra","footway":"crossing","highway":"footway","id":"way/1189270892"},"geometry":{"type":"LineString","coordinates":[[139.7638239,35.7105778],[139.7638274,35.7105188],[139.7638309,35.7104601]]}},{"type":"Feature","id":"way/1189270893","properties":{"highway":"service","lit":"yes","surface":"asphalt","id":"way/1189270893"},"geometry":{"type":"LineString","coordinates":[[139.7629909,35.7105245],[139.7629984,35.7104302]]}},{"type":"Feature","id":"way/1189270894","properties":{"crossing":"uncontrolled","crossing:markings":"yes","footway":"crossing","highway":"footway","id":"way/1189270894"},"geometry":{"type":"LineString","coordinates":[[139.7628757,35.7105673],[139.7628808,35.71052],[139.7628912,35.7104229],[139.7628935,35.710402]]}},{"type":"Feature","id":"way/1189270895","properties":{"footway":"sidewalk","highway":"footway","id":"way/1189270895"},"geometry":{"type":"LineString","coordinates":[[139.763021,35.7105721],[139.763111,35.7105745],[139.7633107,35.7105689],[139.7636092,35.7105681],[139.7638239,35.7105778]]}},{"type":"Feature","id":"way/1189270896","properties":{"highway":"footway","id":"way/1189270896"},"geometry":{"type":"LineString","coordinates":[[139.7633107,35.7105689],[139.7632937,35.7106775]]}},{"type":"Feature","id":"way/1189270897","properties":{"crossing":"uncontrolled","crossing:markings":"zebra","footway":"crossing","highway":"footway","id":"way/1189270897"},"geometry":{"type":"LineString","coordinates":[[139.763021,35.7105721],[139.7629246,35.7105689],[139.7628757,35.7105673]]}},{"type":"Feature","id":"way/1189270898","properties":{"footway":"sidewalk","highway":"footway","id":"way/1189270898"},"geometry":{"type":"LineString","coordinates":[[139.7638309,35.7104601],[139.7637012,35.7104582],[139.7633008,35.7104421],[139.7632316,35.7104212],[139.7628935,35.710402]]}},{"type":"Feature","id":"way/1189270900","properties":{"footway":"sidewalk","highway":"footway","id":"way/1189270900"},"geometry":{"type":"LineString","coordinates":[[139.7620765,35.7105295],[139.7628757,35.7105673]]}},{"type":"Feature","id":"way/1189270901","properties":{"crossing:markings":"zebra","highway":"footway","surface":"asphalt","id":"way/1189270901"},"geometry":{"type":"LineString","coordinates":[[139.763903,35.7114177],[139.7638954,35.711418]]}},{"type":"Feature","id":"way/1306990218","properties":{"bicycle":"yes","construction":"service","covered":"yes","highway":"pedestrian","lit":"yes","name":"合格通り","name:en":"Gokaku Street","source":"survey","surface":"paving_stones","id":"way/1306990218"},"geometry":{"type":"LineString","coordinates":[[139.761249,35.7120717],[139.7612326,35.7121306]]}},{"type":"Feature","id":"way/1306990221","properties":{"highway":"footway","id":"way/1306990221"},"geometry":{"type":"LineString","coordinates":[[139.7608845,35.7122451],[139.7608372,35.7122368]]}},{"type":"Feature","id":"way/1306990222","properties":{"highway":"footway","lit":"yes","surface":"concrete","id":"way/1306990222"},"geometry":{"type":"LineString","coordinates":[[139.7611156,35.7121765],[139.7611334,35.7121125]]}},{"type":"Feature","id":"way/1306990223","properties":{"highway":"footway","lit":"yes","surface":"concrete","id":"way/1306990223"},"geometry":{"type":"LineString","coordinates":[[139.7610667,35.7123524],[139.7610793,35.712307]]}},{"type":"Feature","id":"way/1306990224","properties":{"highway":"footway","id":"way/1306990224"},"geometry":{"type":"LineString","coordinates":[[139.76038,35.7121566],[139.7604296,35.7121646]]}},{"type":"Feature","id":"way/1389445687","properties":{"footway":"sidewalk","highway":"footway","id":"way/1389445687"},"geometry":{"type":"LineString","coordinates":[[139.7639511,35.7127846],[139.7639906,35.7128171],[139.7640102,35.7133752],[139.763957,35.713398],[139.7639038,35.7134367],[139.7638829,35.7134912],[139.7638841,35.7135406],[139.763915,35.7135883],[139.7639289,35.7135951],[139.7639617,35.7136111]]}},{"type":"Feature","id":"way/1389445688","properties":{"crossing":"uncontrolled","crossing:island":"no","crossing:markings":"zebra","footway":"crossing","highway":"footway","id":"way/1389445688"},"geometry":{"type":"LineString","coordinates":[[139.7639617,35.7136111],[139.7640032,35.7136177],[139.7640383,35.7136232]]}},{"type":"Feature","id":"way/1389445689","properties":{"footway":"sidewalk","highway":"footway","id":"way/1389445689"},"geometry":{"type":"LineString","coordinates":[[139.7640383,35.7136232],[139.7640878,35.7136171],[139.7641317,35.7135959],[139.7641597,35.7135663],[139.7641756,35.7135383],[139.7641802,35.713511],[139.7642138,35.7135072],[139.7642148,35.7133881],[139.7642549,35.7133874],[139.7642549,35.7132349]]}},{"type":"Feature","id":"way/1389445690","properties":{"crossing":"uncontrolled","crossing:island":"no","crossing:markings":"zebra","footway":"crossing","highway":"footway","id":"way/1389445690"},"geometry":{"type":"LineString","coordinates":[[139.7642563,35.7131407],[139.764258,35.7131817],[139.7642549,35.7132349]]}},{"type":"Feature","id":"way/1389445691","properties":{"footway":"sidewalk","highway":"footway","id":"way/1389445691"},"geometry":{"type":"LineString","coordinates":[[139.7639289,35.7135951],[139.7637824,35.7140912],[139.7637413,35.7141321],[139.7636525,35.714145],[139.7634045,35.7141002],[139.7631923,35.7140618],[139.7630484,35.7140358],[139.7626709,35.7139676],[139.7627625,35.7136624],[139.7628414,35.7133993]]}},{"type":"Feature","id":"way/1389445692","properties":{"footway":"sidewalk","highway":"footway","id":"way/1389445692"},"geometry":{"type":"LineString","coordinates":[[139.7626393,35.7139272],[139.7626709,35.7139676]]}},{"type":"Feature","id":"way/1389445693","properties":{"crossing":"uncontrolled","footway":"crossing","highway":"footway","id":"way/1389445693"},"geometry":{"type":"LineString","coordinates":[[139.7626709,35.7139676],[139.7626683,35.7140296],[139.7626672,35.7140586]]}},{"type":"Feature","id":"way/1389445695","properties":{"highway":"footway","tunnel":"building_passage","id":"way/1389445695"},"geometry":{"type":"LineString","coordinates":[[139.7628262,35.7136737],[139.7630823,35.7137167]]}},{"type":"Feature","id":"way/1389445696","properties":{"highway":"footway","id":"way/1389445696"},"geometry":{"type":"LineString","coordinates":[[139.7627125,35.7136535],[139.7627625,35.7136624],[139.7628262,35.7136737]]}},{"type":"Feature","id":"way/1389445697","properties":{"highway":"footway","id":"way/1389445697"},"geometry":{"type":"LineString","coordinates":[[139.7630823,35.7137167],[139.7631345,35.7137256]]}},{"type":"Feature","id":"way/1389445698","properties":{"highway":"footway","id":"way/1389445698"},"geometry":{"type":"LineString","coordinates":[[139.7631345,35.7137256],[139.7630864,35.7138984]]}},{"type":"Feature","id":"way/1389445699","properties":{"highway":"footway","id":"way/1389445699"},"geometry":{"type":"LineString","coordinates":[[139.7631345,35.7137256],[139.7631823,35.7135658]]}},{"type":"Feature","id":"way/1389445700","properties":{"highway":"footway","id":"way/1389445700"},"geometry":{"type":"LineString","coordinates":[[139.7630799,35.7139256],[139.7630484,35.7140358]]}},{"type":"Feature","id":"way/1389445701","properties":{"highway":"footway","id":"way/1389445701"},"geometry":{"type":"LineString","coordinates":[[139.7631885,35.7135396],[139.763215,35.7134512]]}},{"type":"Feature","id":"way/1389445702","properties":{"highway":"footway","id":"way/1389445702"},"geometry":{"type":"LineString","coordinates":[[139.763111,35.7134368],[139.7631044,35.7134615]]}},{"type":"Feature","id":"way/1389445703","properties":{"crossing":"uncontrolled","crossing:markings":"zebra","footway":"crossing","highway":"footway","id":"way/1389445703"},"geometry":{"type":"LineString","coordinates":[[139.7631923,35.7140618],[139.7631745,35.7141219],[139.7631585,35.7141754]]}},{"type":"Feature","id":"way/1389445704","properties":{"footway":"sidewalk","highway":"footway","incline":"down","id":"way/1389445704"},"geometry":{"type":"LineString","coordinates":[[139.7631585,35.7141754],[139.7631317,35.7141992],[139.762974,35.7147432],[139.7629349,35.7147993],[139.7629501,35.7148178],[139.7630183,35.7149014]]}},{"type":"Feature","id":"way/1389445706","properties":{"highway":"footway","id":"way/1389445706"},"geometry":{"type":"LineString","coordinates":[[139.7636008,35.7134751],[139.763554,35.7136078]]}},{"type":"Feature","id":"way/1389445707","properties":{"highway":"footway","id":"way/1389445707"},"geometry":{"type":"LineString","coordinates":[[139.7635426,35.7136331],[139.7634501,35.7139663]]}},{"type":"Feature","id":"way/1389445708","properties":{"highway":"footway","id":"way/1389445708"},"geometry":{"type":"LineString","coordinates":[[139.7634412,35.7139931],[139.7634045,35.7141002]]}},{"type":"Feature","id":"way/1389445709","properties":{"highway":"footway","id":"way/1389445709"},"geometry":{"type":"LineString","coordinates":[[139.7626672,35.7140586],[139.7626571,35.7140877]]}},{"type":"Feature","id":"way/1471527183","properties":{"highway":"service","lit":"yes","maxspeed":"15","oneway":"yes","sidewalk":"no","surface":"asphalt","id":"way/1471527183"},"geometry":{"type":"LineString","coordinates":[[139.7662222,35.7106576],[139.7663669,35.710651],[139.7663926,35.7106608],[139.7664801,35.7107336],[139.7665384,35.7107532]]}},{"type":"Feature","id":"way/1471527184","properties":{"covered":"yes","highway":"service","lit":"yes","maxspeed":"15","oneway":"yes","sidewalk":"no","surface":"asphalt","id":"way/1471527184"},"geometry":{"type":"LineString","coordinates":[[139.7661356,35.7106616],[139.7661805,35.7106595],[139.7662222,35.7106576]]}},{"type":"Feature","id":"way/1471654626","properties":{"highway":"service","lit":"yes","source":"Bing","id":"way/1471654626"},"geometry":{"type":"LineString","coordinates":[[139.759448,35.7146562],[139.7594639,35.7146063]]}},{"type":"Feature","id":"way/1471654627","properties":{"covered":"yes","highway":"service","lit":"yes","source":"Bing","id":"way/1471654627"},"geometry":{"type":"LineString","coordinates":[[139.7594012,35.7148322],[139.759448,35.7146562]]}}]}
